"PlotID","Date","Longitude","Latitude","DE","Area","Season"
"10","08/29/2014",-113.82738,46.57791,2.41974186618084,"Nsapph","Summer"
"1016","08/26/2015",-113.76855,46.45785,2.86115431722746,"Nsapph","Summer"
"1017","08/26/2015",-113.76639,46.45856,2.79683773289576,"Nsapph","Summer"
"1018","08/26/2015",-113.7694,46.457755,2.88179744279025,"Nsapph","Summer"
"1019","08/26/2015",-113.76865,46.45834,2.59505823202585,"Nsapph","Summer"
"1020","08/26/2015",-113.76779,46.45783,2.63869487184331,"Nsapph","Summer"
"1022","07/28/2015",-113.69937,46.41864,3.01345977238773,"Nsapph","Summer"
"1023","07/28/2015",-113.70033,46.41848,3.00955406272771,"Nsapph","Summer"
"1026","07/29/2015",-113.6879,46.45065,2.33450826138903,"Nsapph","Summer"
"1028","07/29/2015",-113.68591,46.45114,2.08869447264793,"Nsapph","Summer"
"1034","07/28/2015",-113.74872,46.50418,2.98609766630718,"Nsapph","Summer"
"1035","07/28/2015",-113.75257,46.5065,2.86421789441643,"Nsapph","Summer"
"1036","07/17/2015",-113.8561,46.55299,3.00426569456058,"Nsapph","Summer"
"1037","07/17/2015",-113.8577,46.55295,3.04934505489527,"Nsapph","Summer"
"1038","07/17/2015",-113.85443,46.55197,2.82910886352099,"Nsapph","Summer"
"1039","07/17/2015",-113.85568,46.5524,2.75820985468956,"Nsapph","Summer"
"1040","07/17/2015",-113.85761,46.55205,3.0531859712492,"Nsapph","Summer"
"1041","08/13/2015",-113.95236,46.16954,3.05898594333118,"Nsapph","Summer"
"1042","08/13/2015",-113.95476,46.17253,2.8906127178006,"Nsapph","Summer"
"1043","08/13/2015",-113.95269,46.17142,3.00802622674246,"Nsapph","Summer"
"1044","08/13/2015",-113.95651,46.17376,2.86140137978385,"Nsapph","Summer"
"1045","08/13/2015",-113.95475,46.17096,3.05321866377365,"Nsapph","Summer"
"1046","08/04/2015",-113.8822,46.43477,1.97336134677306,"Nsapph","Summer"
"1047","08/04/2015",-113.88142,46.43317,2.82351000333288,"Nsapph","Summer"
"1048","08/04/2015",-113.87841,46.43445,1.89886003235791,"Nsapph","Summer"
"1049","08/04/2015",-113.87627,46.43217,1.94833982633918,"Nsapph","Summer"
"1051","08/24/2015",-113.74313,46.73847,3.13785263128463,"Nsapph","Summer"
"1052","08/24/2015",-113.74399,46.73826,2.79206038828582,"Nsapph","Summer"
"1053","08/24/2015",-113.74344,46.73917,2.92609353281483,"Nsapph","Summer"
"1055","08/24/2015",-113.74414,46.73906,2.81738179427492,"Nsapph","Summer"
"1057","07/27/2015",-113.6487,46.41428,1.85016224016108,"Nsapph","Summer"
"1059","07/27/2015",-113.65273,46.41322,2.0395758926119,"Nsapph","Summer"
"106","08/22/2014",-113.75302,46.69669,2.90887356143864,"Nsapph","Summer"
"1061","07/29/2015",-113.68022,46.44749,2.15797965932648,"Nsapph","Summer"
"1063","07/29/2015",-113.67847,46.4474,2.04601948166837,"Nsapph","Summer"
"1065","07/29/2015",-113.67832,46.44672,2.00210877848222,"Nsapph","Summer"
"1071","08/26/2015",-113.76657,46.46227,2.99076092621776,"Nsapph","Summer"
"1072","08/26/2015",-113.76781,46.45983,2.84806973836667,"Nsapph","Summer"
"1073","08/26/2015",-113.76843,46.45919,2.70753716353287,"Nsapph","Summer"
"1074","08/26/2015",-113.76708,46.46082,2.77255469354432,"Nsapph","Summer"
"1075","08/26/2015",-113.76576,46.46345,2.90601580189654,"Nsapph","Summer"
"1076","07/30/2015",-113.72901,46.51913,2.09627340539955,"Nsapph","Summer"
"1078","07/30/2015",-113.72647,46.51959,2.30808908273667,"Nsapph","Summer"
"1079","07/30/2015",-113.72807,46.52,2.16182536145438,"Nsapph","Summer"
"108","08/22/2014",-113.75497,46.69677,2.68459132018197,"Nsapph","Summer"
"1080","07/30/2015",-113.72504,46.51945,2.0519883399867,"Nsapph","Summer"
"1081","07/28/2015",-113.75902,46.50681,2.87028781684308,"Nsapph","Summer"
"1082","07/28/2015",-113.75485,46.50572,3.18103297530321,"Nsapph","Summer"
"1083","07/28/2015",-113.75729,46.5064,2.87809932749989,"Nsapph","Summer"
"1084","07/28/2015",-113.75525,46.50706,2.95094784363619,"Nsapph","Summer"
"1085","07/28/2015",-113.75744,46.50443,3.01249922065657,"Nsapph","Summer"
"1086","08/03/2015",-113.72868,46.76756,2.86209973016056,"Nsapph","Summer"
"1087","08/03/2015",-113.72401,46.76617,2.77511636894839,"Nsapph","Summer"
"1088","08/03/2015",-113.72476,46.76758,2.93111873744803,"Nsapph","Summer"
"1089","08/03/2015",-113.72686,46.76721,2.88926487285464,"Nsapph","Summer"
"109","08/22/2014",-113.75593,46.69764,2.57119721764913,"Nsapph","Summer"
"1090","08/03/2015",-113.72728,46.76882,2.98578812357689,"Nsapph","Summer"
"1091","08/07/2015",-113.73559,46.77219,2.78496410411824,"Nsapph","Summer"
"1092","08/07/2015",-113.73527,46.77132,2.71991591318966,"Nsapph","Summer"
"1093","08/07/2015",-113.73388,46.77135,2.79351206409608,"Nsapph","Summer"
"1094","08/07/2015",-113.73269,46.77153,2.826857771178,"Nsapph","Summer"
"1095","08/07/2015",-113.73139,46.76889,2.95977162750202,"Nsapph","Summer"
"1096","08/11/2015",-114.27979,45.81474,2.98060105277997,"Sbroot","Summer"
"1097","08/11/2015",-114.28146,45.81618,2.91224563998224,"Sbroot","Summer"
"1098","08/11/2015",-114.27837,45.81254,2.89524518600961,"Sbroot","Summer"
"1099","08/11/2015",-114.28311,45.81361,2.99137377214695,"Sbroot","Summer"
"11","08/29/2014",-113.83122,46.57806,2.40769502555549,"Nsapph","Summer"
"1100","08/11/2015",-114.28016,45.81101,2.87237522711423,"Sbroot","Summer"
"1101","08/11/2015",-114.27502,45.81963,2.78274160925276,"Sbroot","Summer"
"1102","08/11/2015",-114.27261,45.82174,2.76741884786699,"Sbroot","Summer"
"1103","08/11/2015",-114.26773,45.81951,2.91055145307188,"Sbroot","Summer"
"1104","08/11/2015",-114.27317,45.82141,2.82761299743854,"Sbroot","Summer"
"1105","08/11/2015",-114.27076,45.82006,2.85184266070157,"Sbroot","Summer"
"12","08/29/2014",-113.83202,46.57597,2.39765318757413,"Nsapph","Summer"
"1200","07/16/2015",-114.00526,46.67586,2.82432580920269,"Nsapph","Summer"
"1201","07/16/2015",-114.00693,46.67507,2.75517312735512,"Nsapph","Summer"
"1202","07/16/2015",-114.02106,46.69481,2.94893354772504,"Nsapph","Summer"
"1203","07/16/2015",-114.02146,46.69595,2.73856747834128,"Nsapph","Summer"
"1204","07/16/2015",-114.02289,46.69637,2.95730451456868,"Nsapph","Summer"
"1205","07/16/2015",-114.02276,46.6951,2.94672590322571,"Nsapph","Summer"
"1206","07/16/2015",-114.02206,46.69736,2.88342142442674,"Nsapph","Summer"
"1207","07/31/2015",-114.03217,46.70684,2.79139192807523,"Nsapph","Summer"
"1208","07/31/2015",-114.03335,46.7061,2.76550786980617,"Nsapph","Summer"
"1209","07/31/2015",-114.03422,46.70509,2.86800044510378,"Nsapph","Summer"
"1210","08/27/2015",-114.03466,46.70617,2.84632548240773,"Nsapph","Summer"
"1211","08/27/2015",-114.03242,46.70494,2.8444204070355,"Nsapph","Summer"
"1212","07/21/2015",-113.94422,46.48051,2.8989464767833,"Nsapph","Summer"
"1213","07/21/2015",-113.94303,46.47941,2.77500324170417,"Nsapph","Summer"
"1214","07/21/2015",-113.94714,46.48006,2.8635018735024,"Nsapph","Summer"
"1215","07/21/2015",-113.94644,46.47782,2.94950124503136,"Nsapph","Summer"
"1216","07/21/2015",-113.94465,46.47841,2.94185787747274,"Nsapph","Summer"
"1217","07/31/2015",-113.94688,46.48507,2.80802048034972,"Nsapph","Summer"
"1218","07/31/2015",-113.94481,46.48972,2.89134832175869,"Nsapph","Summer"
"1219","07/31/2015",-113.94223,46.48823,2.82343419876152,"Nsapph","Summer"
"122","07/22/2015",-113.89076,46.71025,2.5305990716074,"Nsapph","Summer"
"1220","07/31/2015",-113.94427,46.48859,2.81299326647078,"Nsapph","Summer"
"1221","07/31/2015",-113.94415,46.48534,2.93455562300532,"Nsapph","Summer"
"1227","07/22/2015",-114.03623,46.71213,2.85713404707414,"Nsapph","Summer"
"1228","07/22/2015",-114.03191,46.71537,2.81841348054248,"Nsapph","Summer"
"1229","07/22/2015",-114.03476,46.71447,2.89526509738773,"Nsapph","Summer"
"123","07/22/2015",-113.89333,46.70776,2.56558330226882,"Nsapph","Summer"
"1230","07/22/2015",-114.03295,46.71962,2.81431843862493,"Nsapph","Summer"
"1231","07/22/2015",-114.03445,46.72213,2.62395306877105,"Nsapph","Summer"
"124","07/22/2015",-113.88985,46.7101,2.71075153057506,"Nsapph","Summer"
"1241","08/05/2015",-114.03706,46.68063,2.96828943804034,"Nsapph","Summer"
"1242","08/05/2015",-114.03416,46.68016,2.97212841076426,"Nsapph","Summer"
"1243","08/05/2015",-114.03297,46.68143,3.22640369456587,"Nsapph","Summer"
"1245","08/31/2015",-113.96089,46.57967,2.94136967847025,"Nsapph","Summer"
"1246","08/31/2015",-113.95898,46.57936,2.94358546760173,"Nsapph","Summer"
"1247","08/24/2015",-113.93914,46.59946,3.05819907459606,"Nsapph","Summer"
"1248","08/24/2015",-113.9437,46.59611,2.96177636739331,"Nsapph","Summer"
"1249","08/24/2015",-113.93877,46.60378,3.02663275609866,"Nsapph","Summer"
"125","07/22/2015",-113.89109,46.70846,2.60399358330357,"Nsapph","Summer"
"1250","08/24/2015",-113.94372,46.59833,3.12796015547299,"Nsapph","Summer"
"1251","08/24/2015",-113.94244,46.60011,3.11519576326428,"Nsapph","Summer"
"1252","08/31/2015",-113.96169,46.5778,3.23315398700352,"Nsapph","Summer"
"1254","08/03/2015",-113.95792,46.54859,3.01773177850339,"Nsapph","Summer"
"1256","08/03/2015",-113.95878,46.5468,2.98613571786829,"Nsapph","Summer"
"1257","08/03/2015",-113.96088,46.54859,3.06995425315207,"Nsapph","Summer"
"1258","08/27/2015",-113.94801,46.59108,3.16525639253237,"Nsapph","Summer"
"1259","08/27/2015",-113.95035,46.59225,2.94045565935519,"Nsapph","Summer"
"1260","08/17/2015",-113.94883,46.46897,3.1245224870121,"Nsapph","Summer"
"1261","08/17/2015",-113.94937,46.46987,3.09508797373196,"Nsapph","Summer"
"1262","08/17/2015",-113.94449,46.46938,3.15689890955001,"Nsapph","Summer"
"1263","08/17/2015",-113.95267,46.47165,3.1878784586716,"Nsapph","Summer"
"1264","08/17/2015",-113.94474,46.46817,3.13509779778474,"Nsapph","Summer"
"1265","08/27/2015",-113.95188,46.47218,3.07660983898677,"Nsapph","Summer"
"1266","08/27/2015",-113.95116,46.47161,3.06358794661671,"Nsapph","Summer"
"1267","08/27/2015",-113.94315,46.46828,3.10015519172948,"Nsapph","Summer"
"1268","08/31/2015",-113.94531,46.4694,3.1458429833319,"Nsapph","Summer"
"1269","08/31/2015",-113.94285,46.4664,3.11408059198663,"Nsapph","Summer"
"131","08/20/2015",-113.9044,46.44442,2.79835247899258,"Nsapph","Summer"
"132","08/20/2015",-113.91031,46.43963,3.08937848836725,"Nsapph","Summer"
"133","08/20/2015",-113.90961,46.44043,2.90174117847942,"Nsapph","Summer"
"134","08/20/2015",-113.90306,46.44423,2.93906729424344,"Nsapph","Summer"
"135","08/20/2015",-113.90115,46.44241,2.96270092283828,"Nsapph","Summer"
"141","08/20/2014",-113.76678,46.72977,2.89062033538247,"Nsapph","Summer"
"144","08/20/2014",-113.76451,46.73064,2.77400265929783,"Nsapph","Summer"
"145","08/20/2014",-113.76938,46.72842,2.70610950182478,"Nsapph","Summer"
"146","07/22/2014",-113.92958,46.82685,2.92594800015355,"Nsapph","Summer"
"147","07/16/2014",-113.92465,46.82719,2.9897066271665,"Nsapph","Summer"
"148","07/22/2014",-113.93294,46.82853,3.10182675999429,"Nsapph","Summer"
"149","07/22/2014",-113.93153,46.82486,3.18587031724032,"Nsapph","Summer"
"150","07/22/2014",-113.92753,46.83824,2.95061441767055,"Nsapph","Summer"
"151","08/18/2015",-113.90403,46.60257,2.96451815778732,"Nsapph","Summer"
"153","08/18/2015",-113.90753,46.60326,3.14979301531689,"Nsapph","Summer"
"154","08/18/2015",-113.90408,46.60359,2.86489215209479,"Nsapph","Summer"
"16","07/23/2015",-113.84541,46.46618,1.93316169666788,"Nsapph","Summer"
"161","08/04/2014",-113.94535,46.82724,2.99738910642193,"Nsapph","Summer"
"162","08/04/2014",-113.94309,46.82912,2.77441088983825,"Nsapph","Summer"
"164","08/04/2014",-113.94137,46.83067,2.89864869758146,"Nsapph","Summer"
"165","08/04/2014",-113.94515,46.82622,3.02886664995201,"Nsapph","Summer"
"17","07/23/2015",-113.84467,46.46541,2.03046034891772,"Nsapph","Summer"
"171","08/22/2014",-113.72813,46.764,2.86252328080314,"Nsapph","Summer"
"172","08/12/2014",-113.73286,46.76244,3.06180785713305,"Nsapph","Summer"
"173","08/22/2014",-113.72764,46.76221,2.94059757846464,"Nsapph","Summer"
"174","08/12/2014",-113.73434,46.76221,3.1019784290831,"Nsapph","Summer"
"175","08/22/2014",-113.73231,46.75914,2.93479601312712,"Nsapph","Summer"
"176","08/18/2015",-113.89031,46.85037,2.95342247209207,"Nsapph","Summer"
"179","08/18/2015",-113.89094,46.85001,3.11527216557455,"Nsapph","Summer"
"18","07/23/2015",-113.84296,46.46559,1.88371186597838,"Nsapph","Summer"
"19","07/23/2015",-113.844,46.46484,1.96139424598332,"Nsapph","Summer"
"191","08/04/2015",-113.85642,46.50952,2.09639634726083,"Nsapph","Summer"
"192","08/04/2015",-113.86186,46.51348,2.10258150227922,"Nsapph","Summer"
"193","08/04/2015",-113.85912,46.50922,2.06844167997084,"Nsapph","Summer"
"194","08/03/2015",-113.85712,46.51368,2.12511281499309,"Nsapph","Summer"
"195","08/04/2015",-113.85789,46.51026,2.17742925234924,"Nsapph","Summer"
"20","07/21/2015",-113.88459,46.75143,2.31600954266087,"Nsapph","Summer"
"206","08/26/2014",-113.88225,46.76406,2.00029873828845,"Nsapph","Summer"
"207","08/26/2014",-113.88361,46.75041,2.18834563589148,"Nsapph","Summer"
"208","08/26/2014",-113.88194,46.76282,2.10289837634076,"Nsapph","Summer"
"209","08/26/2014",-113.87981,46.76299,2.26258652699571,"Nsapph","Summer"
"21","07/21/2015",-113.88261,46.74842,3.02532652149746,"Nsapph","Summer"
"210","08/26/2014",-113.88116,46.75955,2.17864319536676,"Nsapph","Summer"
"216","08/03/2015",-113.74931,46.71538,3.0399318480391,"Nsapph","Summer"
"217","08/03/2015",-113.74426,46.71454,2.58090126622601,"Nsapph","Summer"
"218","08/03/2015",-113.7466,46.71438,2.0192638812039,"Nsapph","Summer"
"22","07/21/2015",-113.88403,46.75237,2.60541099070295,"Nsapph","Summer"
"220","08/03/2015",-113.74107,46.71367,2.45362943927942,"Nsapph","Summer"
"221","08/28/2015",-113.76135,46.64315,2.27196604337114,"Nsapph","Summer"
"222","08/28/2015",-113.76458,46.64297,2.35296722988075,"Nsapph","Summer"
"223","08/28/2015",-113.76387,46.64416,2.39293527276408,"Nsapph","Summer"
"224","08/28/2015",-113.76298,46.64323,2.20062450044434,"Nsapph","Summer"
"231","08/19/2015",-113.89344,46.32373,2.3453163736216,"Nsapph","Summer"
"232","08/19/2015",-113.88433,46.32465,2.49750947881864,"Nsapph","Summer"
"233","08/19/2015",-113.88708,46.32622,2.01883994037396,"Nsapph","Summer"
"234","08/19/2015",-113.89254,46.3257,2.0449033515657,"Nsapph","Summer"
"235","08/19/2015",-113.89033,46.32475,2.31518727213199,"Nsapph","Summer"
"237","08/29/2014",-113.8753,46.2986,1.77310849410561,"Nsapph","Summer"
"238","08/29/2014",-113.87283,46.3009,2.34997717322372,"Nsapph","Summer"
"239","08/29/2014",-113.87439,46.29751,2.03674095540801,"Nsapph","Summer"
"24","07/21/2015",-113.88482,46.74804,2.44964893783828,"Nsapph","Summer"
"240","08/29/2014",-113.87552,46.29958,2.29510100223573,"Nsapph","Summer"
"244","07/24/2014",-113.84006,46.53373,1.98605913681168,"Nsapph","Summer"
"245","07/24/2014",-113.83706,46.5352,1.97040415628525,"Nsapph","Summer"
"246","07/24/2014",-113.83549,46.53429,2.03270166071788,"Nsapph","Summer"
"25","08/28/2014",-113.84053,46.75571,2.10479546053305,"Nsapph","Summer"
"26","08/28/2014",-113.84168,46.75592,2.15713487554008,"Nsapph","Summer"
"265","07/24/2014",-113.83635,46.53503,1.89057037585212,"Nsapph","Summer"
"266","07/24/2014",-113.83934,46.53437,1.9570848121528,"Nsapph","Summer"
"267","07/24/2014",-113.84325,46.53641,2.20265495920872,"Nsapph","Summer"
"268","07/29/2014",-113.83601,46.53565,2.66245919709802,"Nsapph","Summer"
"269","07/29/2014",-113.83736,46.53553,2.12021568950655,"Nsapph","Summer"
"27","08/28/2014",-113.84254,46.75481,2.25310025211174,"Nsapph","Summer"
"270","08/06/2015",-113.88264,46.43407,2.12593078450352,"Nsapph","Summer"
"279","08/31/2015",-114.05119,46.71571,3.07965013175184,"Nsapph","Summer"
"28","08/28/2014",-113.84751,46.75267,2.14565520892125,"Nsapph","Summer"
"280","08/31/2015",-114.04875,46.71033,2.95072681087129,"Nsapph","Summer"
"281","08/21/2015",-114.04823,46.70929,2.77414131001507,"Nsapph","Summer"
"282","08/21/2015",-114.05093,46.71202,3.15693524011659,"Nsapph","Summer"
"283","08/21/2015",-114.05174,46.71463,2.93759461360492,"Nsapph","Summer"
"284","07/16/2015",-114.04623,46.67134,2.94312031163845,"Nsapph","Summer"
"285","07/16/2015",-114.04744,46.67068,2.85535628788269,"Nsapph","Summer"
"286","08/17/2015",-114.09387,46.56088,3.13430749809845,"Nsapph","Summer"
"287","08/17/2015",-114.09467,46.55975,2.96938350375928,"Nsapph","Summer"
"288","08/17/2015",-114.09169,46.56188,3.08063233254544,"Nsapph","Summer"
"289","08/17/2015",-114.08987,46.56226,3.30851443622493,"Nsapph","Summer"
"29","08/28/2014",-113.84368,46.75507,2.20217722737036,"Nsapph","Summer"
"291","08/14/2014",-114.09344,46.56311,2.50812974683487,"Nsapph","Summer"
"293","08/17/2015",-114.06801,46.57625,3.14236204132253,"Nsapph","Summer"
"294","08/14/2014",-114.08849,46.56623,2.75422894043617,"Nsapph","Summer"
"300","07/17/2014",-113.88437,46.85456,2.95933725877911,"Nsapph","Summer"
"301","07/17/2014",-113.88226,46.85576,2.92258824053029,"Nsapph","Summer"
"302","07/22/2014",-113.88049,46.85487,2.89028504520392,"Nsapph","Summer"
"303","07/17/2014",-113.8836,46.85896,2.84296196280188,"Nsapph","Summer"
"304","07/17/2014",-113.88326,46.85752,2.70910565355689,"Nsapph","Summer"
"305","08/04/2014",-114.01316,46.81895,2.95137638532504,"Nsapph","Summer"
"306","08/04/2014",-114.00811,46.81926,2.99172466102168,"Nsapph","Summer"
"307","08/04/2014",-114.00503,46.8189,2.63980594811523,"Nsapph","Summer"
"308","08/04/2014",-114.00515,46.81803,2.75160917520668,"Nsapph","Summer"
"309","08/04/2014",-114.01095,46.81756,2.8847504742618,"Nsapph","Summer"
"310","08/11/2014",-114.03402,46.74095,2.95080478219709,"Nsapph","Summer"
"311","08/11/2014",-114.03027,46.74438,2.67920116080145,"Nsapph","Summer"
"312","08/11/2014",-114.03087,46.74489,2.97266296848684,"Nsapph","Summer"
"313","08/11/2014",-114.03489,46.73975,2.82666966078653,"Nsapph","Summer"
"314","08/11/2014",-114.03214,46.73979,2.4980579757608,"Nsapph","Summer"
"315","08/25/2014",-113.93311,46.60107,2.60579140471402,"Nsapph","Summer"
"316","08/25/2014",-113.93414,46.60118,2.71930940022096,"Nsapph","Summer"
"318","08/25/2014",-113.93151,46.60221,2.91634720680384,"Nsapph","Summer"
"319","08/25/2014",-113.93461,46.60287,2.72662293130739,"Nsapph","Summer"
"327","08/12/2014",-114.04685,46.73249,2.44920089351758,"Nsapph","Summer"
"328","08/12/2014",-114.0434,46.73017,2.49679721214889,"Nsapph","Summer"
"329","08/12/2014",-114.04445,46.73307,2.65121882449975,"Nsapph","Summer"
"330","07/23/2014",-113.9848,46.67785,2.52254374540919,"Nsapph","Summer"
"331","07/21/2014",-113.99229,46.67797,2.49709610390011,"Nsapph","Summer"
"332","07/23/2014",-113.9901,46.67725,2.95451063630045,"Nsapph","Summer"
"333","07/23/2014",-113.99017,46.67916,2.60365854458461,"Nsapph","Summer"
"334","07/23/2014",-113.98594,46.67994,2.83428018395906,"Nsapph","Summer"
"335","07/21/2014",-113.91708,46.58601,2.54816169666792,"Nsapph","Summer"
"336","07/21/2014",-113.91917,46.58572,2.79819956042825,"Nsapph","Summer"
"337","07/21/2014",-113.92349,46.58648,2.7988176622355,"Nsapph","Summer"
"338","07/21/2014",-113.91833,46.58517,2.74465078712152,"Nsapph","Summer"
"339","07/21/2014",-113.91828,46.58248,2.9080176535332,"Nsapph","Summer"
"341","08/13/2014",-113.96428,46.83897,2.9403100681311,"Nsapph","Summer"
"342","08/13/2014",-113.96555,46.84326,2.96023149134458,"Nsapph","Summer"
"343","08/13/2014",-113.96652,46.84142,3.03935830315569,"Nsapph","Summer"
"345","07/23/2015",-113.9958,46.74979,2.89861308014714,"Nsapph","Summer"
"346","07/23/2015",-113.99476,46.74811,2.91050483276008,"Nsapph","Summer"
"347","07/23/2015",-113.99039,46.74886,2.87031756240361,"Nsapph","Summer"
"348","07/23/2015",-113.99663,46.774878,2.86103362589354,"Nsapph","Summer"
"349","07/23/2015",-113.99974,46.74932,3.00310062151397,"Nsapph","Summer"
"35","08/20/2015",-113.89018,46.75543,3.14788447787875,"Nsapph","Summer"
"359","07/23/2014",-113.92075,46.54897,2.65654466149036,"Nsapph","Summer"
"36","08/20/2015",-113.89183,46.75427,3.02671139897985,"Nsapph","Summer"
"360","07/23/2014",-113.91525,46.54829,2.53698944915621,"Nsapph","Summer"
"361","07/23/2014",-113.91163,46.54881,2.63921140830711,"Nsapph","Summer"
"362","07/23/2014",-113.91892,46.54768,2.66472463284033,"Nsapph","Summer"
"363","07/23/2014",-113.91377,46.55149,2.8045400255528,"Nsapph","Summer"
"366","08/18/2014",-113.90142,46.53877,2.90380029339757,"Nsapph","Summer"
"368","08/18/2014",-113.90354,46.53994,2.85132465466475,"Nsapph","Summer"
"369","07/23/2014",-113.91043,46.55111,2.82540990818326,"Nsapph","Summer"
"37","08/20/2015",-113.88744,46.75664,3.06451388043343,"Nsapph","Summer"
"370","07/23/2014",-113.90875,46.54789,2.78443099843642,"Nsapph","Summer"
"371","07/23/2014",-113.91312,46.55131,2.74107895663984,"Nsapph","Summer"
"372","07/23/2014",-113.91152,46.54943,2.81156517490388,"Nsapph","Summer"
"373","07/23/2014",-113.91436,46.55038,2.77663356329039,"Nsapph","Summer"
"374","07/18/2014",-113.95142,46.49702,2.7848115902654,"Nsapph","Summer"
"375","07/17/2014",-113.95524,46.49302,2.91958264682475,"Nsapph","Summer"
"376","07/17/2014",-113.95683,46.49224,2.72156723198034,"Nsapph","Summer"
"377","07/17/2014",-113.95357,46.4953,2.83688871411413,"Nsapph","Summer"
"378","07/18/2014",-113.95315,46.49699,2.68720036306613,"Nsapph","Summer"
"379","07/15/2015",-113.92049,46.5325,2.70347599605557,"Nsapph","Summer"
"380","07/15/2015",-113.91516,46.53278,2.59824626761368,"Nsapph","Summer"
"381","07/15/2015",-113.91675,46.53472,2.5918987887115,"Nsapph","Summer"
"382","07/15/2015",-113.91744,46.53599,2.57998473169136,"Nsapph","Summer"
"383","07/15/2015",-113.91562,46.53245,2.84170033115822,"Nsapph","Summer"
"384","08/05/2015",-113.90462,46.59157,2.99602463296001,"Nsapph","Summer"
"385","08/05/2015",-113.90398,46.58943,3.08847081637296,"Nsapph","Summer"
"386","08/05/2015",-113.90322,46.59114,3.0286091825233,"Nsapph","Summer"
"387","08/05/2015",-113.90754,46.59042,2.97494940958123,"Nsapph","Summer"
"39","08/20/2015",-113.88892,46.75302,3.05795479253145,"Nsapph","Summer"
"40","08/19/2015",-113.89397,46.32041,2.42457434773066,"Nsapph","Summer"
"401","07/18/2014",-113.94418,46.49725,2.86599351659092,"Nsapph","Summer"
"402","07/18/2014",-113.93938,46.49677,2.99218045321757,"Nsapph","Summer"
"41","08/19/2015",-113.89884,46.3187,3.07085828230874,"Nsapph","Summer"
"42","08/19/2015",-113.89635,46.31865,2.62220510440564,"Nsapph","Summer"
"425","08/27/2014",-113.84092,46.7585,1.99145184765913,"Nsapph","Summer"
"426","08/27/2014",-113.83784,46.75075,1.92979492995563,"Nsapph","Summer"
"427","08/27/2014",-113.84135,46.74941,2.53955147358074,"Nsapph","Summer"
"428","08/27/2014",-113.84239,46.74943,2.50716665385489,"Nsapph","Summer"
"429","08/27/2014",-113.84281,46.74632,2.3228302225232,"Nsapph","Summer"
"43","08/19/2015",-113.90178,46.31702,2.1141134113793,"Nsapph","Summer"
"430","07/24/2015",-113.84422,46.5074,2.19283896213974,"Nsapph","Summer"
"431","07/24/2015",-113.8444,46.50759,2.15724296906575,"Nsapph","Summer"
"432","07/24/2015",-113.84262,46.50798,2.20126938357103,"Nsapph","Summer"
"444","07/24/2015",-113.70055,46.73114,3.11947758463774,"Nsapph","Summer"
"445","07/24/2015",-113.70097,46.73228,2.4621287896841,"Nsapph","Summer"
"446","07/24/2015",-113.70151,46.73322,2.57622387237222,"Nsapph","Summer"
"447","08/28/2014",-113.63516,46.61642,2.92076946100925,"Nsapph","Summer"
"448","08/28/2014",-113.63059,46.6153,2.82142671099254,"Nsapph","Summer"
"449","08/28/2014",-113.63422,46.61782,2.89822667202522,"Nsapph","Summer"
"450","08/28/2014",-113.63814,46.61702,2.73405200101417,"Nsapph","Summer"
"459","08/22/2014",-113.91412,46.82028,2.59462151602349,"Nsapph","Summer"
"460","08/07/2014",-113.91335,46.82284,2.83357147531465,"Nsapph","Summer"
"461","08/15/2014",-113.90859,46.819,2.9413598183817,"Nsapph","Summer"
"462","08/07/2014",-113.91258,46.82254,2.83569908199495,"Nsapph","Summer"
"464","08/12/2014",-113.73788,46.76073,2.69404665724058,"Nsapph","Summer"
"465","08/12/2014",-113.73825,46.76154,3.00919803832529,"Nsapph","Summer"
"466","08/12/2014",-113.7393,46.7605,2.73275233200944,"Nsapph","Summer"
"467","08/12/2014",-113.73573,46.76041,2.8034578984114,"Nsapph","Summer"
"468","08/12/2014",-113.73489,46.76163,2.80517731771702,"Nsapph","Summer"
"473","07/21/2014",-113.92081,46.57777,2.70250165501557,"Nsapph","Summer"
"475","07/30/2015",-113.65923,46.57814,2.91066960312592,"Nsapph","Summer"
"476","07/30/2015",-113.66869,46.58175,3.04183859045077,"Nsapph","Summer"
"477","07/30/2015",-113.66564,46.58088,3.06356960226129,"Nsapph","Summer"
"481","08/05/2014",-113.98021,46.73917,2.57170008313529,"Nsapph","Summer"
"482","08/05/2014",-113.98071,46.73969,3.00315757701784,"Nsapph","Summer"
"483","08/05/2014",-113.98192,46.73936,2.99795414413294,"Nsapph","Summer"
"484","08/05/2014",-113.98495,46.74014,2.79822971909592,"Nsapph","Summer"
"485","08/05/2014",-113.9774,46.74152,2.94672850268751,"Nsapph","Summer"
"486","08/18/2015",-113.990417,46.60152,2.91517397817558,"Nsapph","Summer"
"488","08/18/2015",-113.9015,46.60317,2.91248526622058,"Nsapph","Summer"
"493","08/18/2015",-113.90775,46.58965,2.81855355224315,"Nsapph","Summer"
"495","08/05/2014",-113.98418,46.74679,3.06539732771669,"Nsapph","Summer"
"496","08/05/2014",-113.98574,46.74615,2.74577635467913,"Nsapph","Summer"
"497","08/05/2014",-113.98277,46.74657,2.49156707845661,"Nsapph","Summer"
"498","07/31/2014",-113.98119,46.7472,2.67955652607071,"Nsapph","Summer"
"499","07/31/2014",-113.97998,46.74732,2.68842006565761,"Nsapph","Summer"
"5","07/17/2014",-113.83656,46.45097,2.24477015246966,"Nsapph","Summer"
"505","07/17/2015",-113.89822,46.53762,2.90574584638029,"Nsapph","Summer"
"506","07/17/2015",-113.8961,46.53889,2.64582325902828,"Nsapph","Summer"
"507","07/17/2015",-113.89694,46.53764,2.96380094129333,"Nsapph","Summer"
"508","07/17/2015",-113.90083,46.53909,2.96608565613279,"Nsapph","Summer"
"509","08/26/2014",-113.85493,46.51624,2.13631766028387,"Nsapph","Summer"
"511","08/26/2014",-113.85619,46.51777,2.03883775543226,"Nsapph","Summer"
"512","08/26/2014",-113.85475,46.51742,2.08007292140306,"Nsapph","Summer"
"513","07/23/2014",-113.91036,46.54398,2.91850542583066,"Nsapph","Summer"
"514","07/23/2014",-113.91607,46.54458,2.97044145283813,"Nsapph","Summer"
"516","07/23/2014",-113.91216,46.5446,2.91384560357225,"Nsapph","Summer"
"522","08/28/2015",-113.74938,46.72833,2.76659205022695,"Nsapph","Summer"
"523","08/28/2015",-113.74698,46.72587,2.72193824727762,"Nsapph","Summer"
"524","08/28/2015",-113.75127,46.72834,2.80604700320212,"Nsapph","Summer"
"525","08/28/2015",-113.75302,46.72822,2.88153939086651,"Nsapph","Summer"
"527","08/06/2014",-113.96684,46.74827,2.91260204734035,"Nsapph","Summer"
"528","08/06/2014",-113.96599,46.74951,3.00308652627222,"Nsapph","Summer"
"529","08/06/2014",-113.9675,46.7507,2.99375563951278,"Nsapph","Summer"
"530","08/06/2014",-113.96889,46.74771,3.12660498909178,"Nsapph","Summer"
"5325","08/05/2015",-114.04418,46.73476,2.8044614385589,"Nsapph","Summer"
"5326","08/05/2015",-114.04746,46.7313,2.91607565694975,"Nsapph","Summer"
"5340","08/07/2015",-113.95497,46.84105,2.88334518550763,"Nsapph","Summer"
"5344","08/07/2015",-113.96618,46.84121,2.96579398044466,"Nsapph","Summer"
"5364","08/06/2015",-113.90578,46.53951,2.84077451859096,"Nsapph","Summer"
"5367","08/06/2015",-113.90758,46.54042,2.7799486439028,"Nsapph","Summer"
"538","08/21/2015",-113.82243,46.57748,2.4790705813745,"Nsapph","Summer"
"539","08/21/2015",-113.82141,46.57577,2.15754072496056,"Nsapph","Summer"
"540","08/21/2015",-113.82389,46.57821,2.43161741743502,"Nsapph","Summer"
"541","08/21/2015",-113.82282,46.57525,2.12364224422102,"Nsapph","Summer"
"548","07/27/2015",-113.69759,46.39939,2.71908400900871,"Nsapph","Summer"
"550","07/27/2015",-113.70197,46.40055,2.96904975555998,"Nsapph","Summer"
"551","07/28/2015",-113.68675,46.39515,2.79294016066271,"Nsapph","Summer"
"552","07/28/2015",-113.68392,46.39211,2.91366210272219,"Nsapph","Summer"
"554","07/28/2015",-113.68607,46.39322,2.4875808235129,"Nsapph","Summer"
"567","08/19/2014",-113.79082,46.69502,2.6240963799569,"Nsapph","Summer"
"569","08/19/2014",-113.79242,46.69308,2.79827176568042,"Nsapph","Summer"
"570","08/19/2014",-113.79308,46.69244,2.72715742788954,"Nsapph","Summer"
"571","08/19/2014",-113.79182,46.69403,2.88274887449023,"Nsapph","Summer"
"573","08/25/2014",-113.9757,46.71914,2.87166055268656,"Nsapph","Summer"
"575","08/25/2014",-113.97449,46.71821,2.76454928904314,"Nsapph","Summer"
"577","08/20/2014",-113.90885,46.70814,2.98323824234589,"Nsapph","Summer"
"580","08/20/2014",-113.90204,46.70451,2.74067113919037,"Nsapph","Summer"
"581","08/20/2014",-113.90765,46.7091,2.79900603025041,"Nsapph","Summer"
"592","08/21/2014",-113.81277,46.76399,2.98909912496847,"Nsapph","Summer"
"593","08/21/2014",-113.81435,46.76358,2.23806919429727,"Nsapph","Summer"
"594","08/21/2014",-113.80945,46.76436,2.9804565097961,"Nsapph","Summer"
"595","08/21/2014",-113.80847,46.76432,3.47090651502277,"Nsapph","Summer"
"605","08/18/2014",-113.82808,46.76273,2.58721960095812,"Nsapph","Summer"
"606","08/18/2014",-113.82589,46.7625,2.22022979166934,"Nsapph","Summer"
"608","08/18/2014",-113.82991,46.76194,2.36773197218835,"Nsapph","Summer"
"609","08/18/2014",-113.82884,46.76238,2.35311834058618,"Nsapph","Summer"
"613","08/31/2015",-113.89605,46.39318,2.82517285276482,"Nsapph","Summer"
"614","08/31/2015",-113.89897,46.39439,2.80603420877122,"Nsapph","Summer"
"616","08/14/2014",-113.85754,46.60109,2.84727162679934,"Nsapph","Summer"
"617","08/13/2014",-113.85363,46.60125,2.92840742237519,"Nsapph","Summer"
"618","08/13/2014",-113.85924,46.59825,2.93906313645981,"Nsapph","Summer"
"619","08/13/2014",-113.8606,46.60167,2.71550676918719,"Nsapph","Summer"
"620","07/29/2015",-113.74721,46.43931,2.94251608025826,"Nsapph","Summer"
"621","07/29/2015",-113.74487,46.43592,2.80509502802284,"Nsapph","Summer"
"623","07/29/2015",-113.74619,46.43835,2.94434296834029,"Nsapph","Summer"
"628","07/20/2015",-114.00861,46.75603,2.94800761118575,"Nsapph","Summer"
"629","07/20/2015",-114.00845,46.7582,2.83965254479875,"Nsapph","Summer"
"630","07/20/2015",-114.0089,46.75541,2.83513336555076,"Nsapph","Summer"
"631","07/20/2015",-114.01042,46.75809,2.92301548586999,"Nsapph","Summer"
"632","08/25/2014",-113.76788,46.67671,3.0091176685239,"Nsapph","Summer"
"633","08/25/2014",-113.76868,46.67685,2.66975626801911,"Nsapph","Summer"
"634","08/25/2014",-113.77011,46.67739,2.11974686885025,"Nsapph","Summer"
"635","08/25/2014",-113.76349,46.67337,2.82077442732444,"Nsapph","Summer"
"646","08/15/2014",-113.90606,46.81871,2.74791736475499,"Nsapph","Summer"
"648","08/15/2014",-113.90259,46.81787,2.8951596682915,"Nsapph","Summer"
"649","08/15/2014",-113.91245,46.82209,2.74188976339021,"Nsapph","Summer"
"658","08/27/2015",-113.91527,46.46227,2.88732588964971,"Nsapph","Summer"
"659","08/27/2015",-113.9144,46.46587,2.92690319618271,"Nsapph","Summer"
"66","08/19/2014",-113.8046,46.72836,1.94080841451622,"Nsapph","Summer"
"660","08/27/2015",-113.91473,46.46275,2.80450335030688,"Nsapph","Summer"
"671","07/16/2014",-113.90339,46.46879,3.10290307676278,"Nsapph","Summer"
"672","07/15/2014",-113.90588,46.47178,3.0982328835715,"Nsapph","Summer"
"673","07/15/2014",-113.90338,46.47136,3.11942802374407,"Nsapph","Summer"
"674","07/16/2014",-113.90378,46.47029,3.07259120506549,"Nsapph","Summer"
"675","07/15/2014",-113.90041,46.47511,3.00298006709406,"Nsapph","Summer"
"676","07/15/2014",-113.89763,46.47388,3.01814889271559,"Nsapph","Summer"
"677","07/15/2014",-113.89734,46.47257,2.89618984141725,"Nsapph","Summer"
"678","07/15/2014",-113.89534,46.47577,3.0353707273404,"Nsapph","Summer"
"68","08/22/2014",-113.80245,46.72944,2.37101248516581,"Nsapph","Summer"
"680","07/09/2014",-113.84101,46.66172,3.03337446176739,"Nsapph","Summer"
"683","07/15/2015",-113.98652,46.69654,2.91622956540595,"Nsapph","Summer"
"684","07/15/2015",-113.98616,46.79721,2.8473477149113,"Nsapph","Summer"
"685","07/15/2015",-113.987787,46.69594,2.85224910644141,"Nsapph","Summer"
"69","08/19/2014",-113.79951,46.73069,2.87648435559847,"Nsapph","Summer"
"690","08/25/2015",-113.98164,46.69543,2.82508844649728,"Nsapph","Summer"
"691","08/25/2015",-113.9794,46.69527,2.97732913035634,"Nsapph","Summer"
"692","08/25/2015",-113.98097,46.69859,2.9374421267679,"Nsapph","Summer"
"693","08/25/2015",-113.97946,46.6964,2.78302043911678,"Nsapph","Summer"
"694","08/25/2015",-113.98276,46.6974,2.93679535243041,"Nsapph","Summer"
"695","08/25/2015",-113.99933,46.70141,2.91702183325144,"Nsapph","Summer"
"696","08/25/2015",-113.99872,46.70232,2.79224597524661,"Nsapph","Summer"
"697","08/25/2015",-113.99938,46.69898,2.89692640568494,"Nsapph","Summer"
"698","08/25/2015",-113.99992,46.69907,2.98295847693414,"Nsapph","Summer"
"699","08/25/2015",-114.0002,46.69914,2.95899868330123,"Nsapph","Summer"
"7","07/17/2014",-113.83524,46.45158,1.99792729486599,"Nsapph","Summer"
"70","08/19/2014",-113.80087,46.73029,2.60701995090595,"Nsapph","Summer"
"700","07/28/2014",-114.0382,46.00791,2.88849119036116,"Sbroot","Summer"
"701","07/29/2014",-114.03886,46.00204,2.71311804316948,"Sbroot","Summer"
"702","07/29/2014",-114.03786,46.0072,2.81426881239366,"Sbroot","Summer"
"703","07/29/2014",-114.0345,46.00219,2.81787845682905,"Sbroot","Summer"
"709","07/30/2014",-114.0332,45.97632,3.00333141415484,"Sbroot","Summer"
"71","07/18/2014",-113.90021,46.47168,3.02055177696075,"Nsapph","Summer"
"711","07/30/2014",-114.03381,45.97599,2.72294516046997,"Sbroot","Summer"
"712","07/30/2014",-114.03531,45.97337,2.63697103838838,"Sbroot","Summer"
"713","07/29/2014",-114.02995,45.97512,2.81201898118357,"Sbroot","Summer"
"719","07/29/2014",-114.03681,46.00475,2.79762959593895,"Sbroot","Summer"
"72","07/16/2014",-113.90275,46.47109,3.16623703616189,"Nsapph","Summer"
"720","07/29/2014",-114.03149,45.99997,2.79949081858002,"Sbroot","Summer"
"722","07/29/2014",-114.03711,46.00112,2.75251874915684,"Sbroot","Summer"
"723","07/28/2014",-114.02902,46.00322,2.82225185700312,"Sbroot","Summer"
"724","08/12/2015",-113.99289,45.96105,2.753505046076,"Sbroot","Summer"
"725","08/12/2015",-113.99464,45.96274,2.80821280761268,"Sbroot","Summer"
"726","08/12/2015",-113.99016,45.96098,3.00312027313299,"Sbroot","Summer"
"727","08/12/2015",-113.99775,45.96177,2.64086260592934,"Sbroot","Summer"
"728","08/12/2015",-113.99715,45.95926,2.86782912819206,"Sbroot","Summer"
"73","07/15/2014",-113.90546,46.47003,3.09721610627215,"Nsapph","Summer"
"734","08/27/2014",-113.81784,46.66298,2.72136351105408,"Nsapph","Summer"
"736","08/27/2014",-113.81516,46.66279,2.39756704759611,"Nsapph","Summer"
"74","07/16/2014",-113.90321,46.46745,3.02232454480019,"Nsapph","Summer"
"75","07/18/2014",-113.89885,46.47018,3.0400006526752,"Nsapph","Summer"
"789","08/21/2014",-114.02909,46.1199,2.76884246228553,"Sbroot","Summer"
"790","08/21/2014",-114.02577,46.11963,1.98083733169271,"Sbroot","Summer"
"791","08/21/2014",-114.02837,46.11875,2.53310642898202,"Sbroot","Summer"
"793","08/21/2014",-114.02791,46.11995,2.7514956957475,"Sbroot","Summer"
"794","07/31/2014",-113.95188,45.9603,2.73389162659653,"Sbroot","Summer"
"795","07/31/2014",-113.95455,45.95848,2.81565013238086,"Sbroot","Summer"
"796","07/31/2014",-113.95483,45.96429,2.55141959657443,"Sbroot","Summer"
"797","07/30/2014",-113.95618,45.96253,2.84898857097673,"Sbroot","Summer"
"798","07/30/2014",-113.95681,45.96472,2.73533644800707,"Sbroot","Summer"
"799","07/25/2014",-113.85159,46.67288,2.8728553615748,"Nsapph","Summer"
"8","08/29/2014",-113.82969,46.57524,2.3167644628036,"Nsapph","Summer"
"800","07/25/2014",-113.85197,46.67424,2.67160753454231,"Nsapph","Summer"
"802","07/25/2014",-113.85398,46.67451,2.61166392075478,"Nsapph","Summer"
"824","08/12/2015",-114.06641,45.86584,2.98127660290579,"Sbroot","Summer"
"825","08/12/2015",-114.06466,45.86891,2.87787314355044,"Sbroot","Summer"
"826","08/12/2015",-114.0713,45.86853,2.82320113174792,"Sbroot","Summer"
"827","08/12/2015",-114.06842,45.86814,2.79278529479813,"Sbroot","Summer"
"828","08/12/2015",-114.07207,45.87001,2.82417985858492,"Sbroot","Summer"
"844","07/24/2014",-113.84947,46.68078,2.67630613381151,"Nsapph","Summer"
"845","07/24/2014",-113.84538,46.67574,1.79805071897332,"Nsapph","Summer"
"846","07/24/2014",-113.84648,46.67968,2.74674791705363,"Nsapph","Summer"
"847","07/24/2014",-113.84928,46.67391,2.92033568874539,"Nsapph","Summer"
"848","07/24/2014",-113.84769,46.67801,2.83859937859861,"Nsapph","Summer"
"864","08/07/2014",-114.27199,45.51828,2.49759357982719,"Sbroot","Summer"
"865","08/07/2014",-114.27027,45.51844,2.47018592138589,"Sbroot","Summer"
"866","08/07/2014",-114.26964,45.51993,2.95710622874238,"Sbroot","Summer"
"868","08/07/2014",-114.27084,45.5177,2.58498048569537,"Sbroot","Summer"
"869","08/06/2014",-114.29494,45.5062,3.09270550205279,"Sbroot","Summer"
"871","08/06/2014",-114.29214,45.50696,2.97374089958458,"Sbroot","Summer"
"872","08/06/2014",-114.29417,45.50668,3.03108284977044,"Sbroot","Summer"
"873","08/06/2014",-114.29215,45.50997,2.95777288969134,"Sbroot","Summer"
"874","08/05/2014",-114.27717,45.535,2.90097580987757,"Sbroot","Summer"
"875","08/05/2014",-114.27872,45.53924,2.90806109760358,"Sbroot","Summer"
"876","08/05/2014",-114.27755,45.53409,2.91981194789829,"Sbroot","Summer"
"877","08/05/2014",-114.27888,45.53487,2.86768725033536,"Sbroot","Summer"
"878","08/05/2014",-114.27773,45.53849,2.70180593932622,"Sbroot","Summer"
"880","08/10/2015",-114.47188,45.50676,2.68868327773954,"Sbroot","Summer"
"881","08/10/2015",-114.47127,45.50957,2.81474674514863,"Sbroot","Summer"
"882","08/10/2015",-114.47165,45.51002,2.61665015216646,"Sbroot","Summer"
"883","08/10/2015",-114.47071,45.50615,2.69562790428972,"Sbroot","Summer"
"884","08/14/2015",-113.7969,46.25985,2.66061525598759,"Nsapph","Summer"
"885","08/13/2015",-113.80064,46.25591,2.90381731389968,"Nsapph","Summer"
"886","08/14/2015",-113.8037,46.26096,2.81828088504668,"Nsapph","Summer"
"887","08/14/2015",-113.80275,46.26071,2.75959687761802,"Nsapph","Summer"
"888","08/13/2015",-113.80052,46.25534,2.582414501153,"Nsapph","Summer"
"889","08/14/2014",-114.23936,46.32203,2.70879551904833,"Nsapph","Summer"
"891","08/14/2014",-114.24082,46.32191,2.44163396020609,"Nsapph","Summer"
"892","08/14/2014",-114.2416,46.3197,2.78615965880176,"Nsapph","Summer"
"894","08/15/2014",-114.25037,46.32518,2.87825498637846,"Nsapph","Summer"
"896","08/15/2014",-114.24855,46.32701,2.13875627796156,"Nsapph","Summer"
"898","08/15/2014",-114.2494,46.32578,2.91689011428137,"Nsapph","Summer"
"907","08/13/2015",-113.84244,46.24067,2.57473494654909,"Nsapph","Summer"
"908","08/13/2015",-113.84296,46.24282,2.91119107233644,"Nsapph","Summer"
"909","08/13/2015",-113.84347,46.24371,2.70016631738862,"Nsapph","Summer"
"91","07/20/2015",-114.00965,46.75959,2.59172207267815,"Nsapph","Summer"
"911","08/13/2015",-113.84091,46.24444,2.78373839074343,"Nsapph","Summer"
"912","08/04/2014",-114.35481,45.53302,2.82951379697288,"Sbroot","Summer"
"913","08/04/2014",-114.35652,45.52856,2.92799161783174,"Sbroot","Summer"
"914","08/04/2014",-114.35424,45.53152,2.56391528785956,"Sbroot","Summer"
"916","08/04/2014",-114.35418,45.53012,3.01361409029614,"Sbroot","Summer"
"917","08/10/2015",-114.36772,45.55156,2.83369789472677,"Sbroot","Summer"
"918","08/10/2015",-114.36885,45.55122,2.45219610138675,"Sbroot","Summer"
"919","08/10/2015",-114.36653,45.55272,2.60461915777957,"Sbroot","Summer"
"92","07/20/2015",-114.01147,46.76003,2.73713551050314,"Nsapph","Summer"
"920","08/10/2015",-114.36637,45.55212,2.73271059737864,"Sbroot","Summer"
"93","07/20/2015",-114.00597,46.75769,2.97661764241933,"Nsapph","Summer"
"931","07/16/2014",-114.21039,46.77409,2.9691710392291,"Nsapph","Summer"
"933","07/16/2014",-114.21252,46.77056,2.93891610229001,"Nsapph","Summer"
"934","07/16/2014",-114.21509,46.77007,3.0302371579416,"Nsapph","Summer"
"935","07/16/2014",-114.21172,46.76886,3.03360285708583,"Nsapph","Summer"
"94","07/20/2015",-114.00498,46.75998,2.85917086908371,"Nsapph","Summer"
"95","07/20/2015",-114.00355,46.76011,2.74634406471353,"Nsapph","Summer"
"950","08/01/2014",-114.03927,46.71062,2.85953441460204,"Nsapph","Summer"
"951","08/20/2014",-114.03336,46.68518,2.795954815554,"Nsapph","Summer"
"952","08/18/2014",-114.01369,46.67215,2.74139620615328,"Nsapph","Summer"
"953","08/08/2014",-114.02348,46.67406,2.52357435887231,"Nsapph","Summer"
"954","08/07/2014",-114.02947,46.68086,2.89888117632946,"Nsapph","Summer"
"955","08/18/2014",-114.02991,46.68067,2.92143858823293,"Nsapph","Summer"
"956","08/08/2014",-114.03329,46.68763,2.94194624067903,"Nsapph","Summer"
"957","08/08/2014",-114.03595,46.68937,3.20504877044647,"Nsapph","Summer"
"958","08/20/2014",-114.02587,46.67247,3.38040124547281,"Nsapph","Summer"
"959","08/22/2014",-114.03611,46.68652,3.06089055413173,"Nsapph","Summer"
"960","08/22/2014",-114.03608,46.68537,3.06089055413173,"Nsapph","Summer"
"961","08/20/2014",-114.02493,46.67225,3.34624686815066,"Nsapph","Summer"
"290","08/14/2014",-114.06964,46.58047,0,"Nsapph","Summer"
"292","08/14/2014",-114.06763,46.58041,0,"Nsapph","Summer"
"BM1","07/24/2012",-113.96232,45.79171,3.02569940667917,"Sbroot","Summer"
"BM10","08/25/2012",-113.69832,45.68245,2.96553247949551,"Sbroot","Summer"
"BM100","08/01/2013",-113.81843,45.95296,2.42725126273522,"Sbroot","Summer"
"BM1005","08/21/2013",-114.37947,45.51158,3.02815816803671,"Sbroot","Summer"
"BM1006","08/28/2013",-114.41859,45.54892,2.64449403870207,"Sbroot","Summer"
"BM1008","08/20/2013",-114.40328,45.54109,3.04853033480927,"Sbroot","Summer"
"BM1009","08/20/2013",-114.39455,45.54399,3.10850382398616,"Sbroot","Summer"
"BM1010","08/20/2013",-114.34617,45.52497,3.01691956047331,"Sbroot","Summer"
"BM1012","08/20/2013",-114.35263,45.52572,3.01397399423283,"Sbroot","Summer"
"BM1014","08/28/2013",-114.41985,45.54112,2.87887228265608,"Sbroot","Summer"
"BM1016","08/21/2013",-114.32523,45.54675,2.99554212487115,"Sbroot","Summer"
"BM1021","08/27/2013",-114.26208,45.53263,2.37984872009286,"Sbroot","Summer"
"BM1023","08/27/2013",-114.27951,45.54001,3.24110632880914,"Sbroot","Summer"
"BM1024","08/27/2013",-114.27552,45.54216,3.10120541454514,"Sbroot","Summer"
"BM1026-1","08/26/2013",-114.18591,45.548181,2.53338804393581,"Sbroot","Summer"
"BM1026","08/26/2013",-114.18343,45.54934,2.17952890149914,"Sbroot","Summer"
"BM1028","08/27/2013",-114.28176,45.52693,3.10401671607955,"Sbroot","Summer"
"BM1031","08/27/2013",-114.2634,45.53143,3.09754261692139,"Sbroot","Summer"
"BM1033","08/26/2013",-114.1897,45.55054,2.57762043674039,"Sbroot","Summer"
"BM111","08/23/2012",-113.71011,45.67508,2.76485968769773,"Sbroot","Summer"
"BM112","08/21/2012",-113.54816,45.72871,3.24033070503974,"Sbroot","Summer"
"BM115","08/05/2013",-113.88435,46.0141,2.83752784173299,"Sbroot","Summer"
"BM119","08/06/2013",-113.38154,45.8344,3.18381494348283,"Sbroot","Summer"
"BM12","07/10/2013",-114.31899,45.69813,2.99087275838969,"Sbroot","Summer"
"BM120","08/08/2012",-113.74804,45.92934,3.04125621437955,"Sbroot","Summer"
"BM127","07/09/2013",-114.34489,45.54089,3.08323232947105,"Sbroot","Summer"
"BM13","07/14/2013",-113.89495,45.68743,2.44486369264388,"Sbroot","Summer"
"BM130","08/21/2012",-113.44565,45.81133,2.95958594386066,"Sbroot","Summer"
"BM134","08/02/2012",-113.92062,45.89502,3.07483640672013,"Sbroot","Summer"
"BM136-1","08/12/2013",-113.78043,45.7764,2.21258974859929,"Sbroot","Summer"
"BM136","08/12/2013",-113.78332,45.77637,2.64614064186976,"Sbroot","Summer"
"BM140","08/10/2012",-114.27487,45.67277,2.98727671125774,"Sbroot","Summer"
"BM148","07/15/2013",-114.5036,45.72463,2.27796506925702,"Sbroot","Summer"
"BM149-1","08/05/2013",-113.83402,46.04929,2.17952890149914,"Sbroot","Summer"
"BM149-2","08/05/2013",-113.83355,46.04047,2.17952890149914,"Sbroot","Summer"
"BM154","08/01/2013",-113.81532,45.95199,2.36787166457928,"Sbroot","Summer"
"BM157","08/27/2012",-113.48348,45.82219,2.53611107470918,"Sbroot","Summer"
"BM158","08/13/2013",-113.47897,45.72009,3.25768949696289,"Sbroot","Summer"
"BM162","07/24/2013",-113.863566,46.10559,2.75070279164145,"Sbroot","Summer"
"BM165","08/25/2012",-113.31515,45.89424,3.02711513417433,"Sbroot","Summer"
"BM170","08/10/2013",-113.2815,45.82666,2.94520489748135,"Sbroot","Summer"
"BM171-1","08/07/2013",-113.47311,45.82199,3.04653797273994,"Sbroot","Summer"
"BM171","08/27/2012",-113.47333,45.8219,3.03547190971475,"Sbroot","Summer"
"BM185","08/09/2012",-114.11044,45.83988,2.64290960244949,"Sbroot","Summer"
"BM186","08/13/2013",-113.61889,45.67957,3.01511267708388,"Sbroot","Summer"
"BM189","08/22/2012",-114.07998,45.7195,2.95444427026553,"Sbroot","Summer"
"BM19","07/10/2013",-114.26115,45.69221,2.82153297553985,"Sbroot","Summer"
"BM196","08/27/2012",-113.29582,45.87558,3.23711187568487,"Sbroot","Summer"
"BM198","07/29/2013",-113.9736,45.99418,3.02436332838294,"Sbroot","Summer"
"BM2","07/25/2012",-113.95757,45.80344,3.06437496369993,"Sbroot","Summer"
"BM207","07/29/2013",-113.84673,45.87028,3.0353542860981,"Sbroot","Summer"
"BM208","08/28/2012",-114.16702,45.86422,2.98892943770219,"Sbroot","Summer"
"BM218","07/15/2013",-114.52444,45.71759,2.33859069210267,"Sbroot","Summer"
"BM22","08/25/2012",-113.84516,45.66733,3.09002638380127,"Sbroot","Summer"
"BM224","07/22/2013",-113.81304,45.8371,2.88786026112659,"Sbroot","Summer"
"BM225-2","08/08/2013",-114.37318,45.65355,3.0087562150381,"Sbroot","Summer"
"BM225","08/08/2013",-114.36329,45.60476,2.23535564068303,"Sbroot","Summer"
"BM227","07/31/2013",-113.85207,45.97296,2.63477625846505,"Sbroot","Summer"
"BM234","08/02/2012",-113.93751,45.88476,2.83878031542301,"Sbroot","Summer"
"BM239","08/08/2012",-113.75231,45.93911,3.03250730712054,"Sbroot","Summer"
"BM24","07/09/2013",-114.33978,45.54857,3.03047136739961,"Sbroot","Summer"
"BM248","07/16/2013",-114.04216,46.02055,3.03467361071923,"Sbroot","Summer"
"BM253","08/28/2012",-114.16134,45.86073,3.01320954833648,"Sbroot","Summer"
"BM258","08/11/2013",-114.27656,45.55159,2.68065520978487,"Sbroot","Summer"
"BM261","08/10/2012",-114.26526,45.722,3.04304293012349,"Sbroot","Summer"
"BM263-1","08/05/2013",-113.76715,45.72473,3.07371463957392,"Sbroot","Summer"
"BM263","08/15/2013",-113.76382,45.72302,3.22900264626581,"Sbroot","Summer"
"BM270","08/07/2013",-113.41689,45.81149,3.08395134335815,"Sbroot","Summer"
"BM272","07/13/2013",-113.94559,45.72186,2.21619203538084,"Sbroot","Summer"
"BM273","08/09/2013",-114.31887,45.73947,3.01433051820654,"Sbroot","Summer"
"BM282-1","07/22/2013",-113.85003,45.82846,2.59730417459945,"Sbroot","Summer"
"BM282","08/02/2012",-113.84964,45.82867,2.84735613551568,"Sbroot","Summer"
"BM283","08/24/2012",-113.63883,45.71351,3.03547190971475,"Sbroot","Summer"
"BM284-1","07/09/2013",-114.31831,45.57866,3.02140015472166,"Sbroot","Summer"
"BM284","08/16/2012",-114.31788,45.57882,3.05727699621869,"Sbroot","Summer"
"BM286","08/28/2012",-114.15796,45.91147,2.90699334375705,"Sbroot","Summer"
"BM287","07/18/2013",-114.15465,46.07539,2.86529145849743,"Sbroot","Summer"
"BM289","07/11/2013",-114.26635,45.62685,3.03176993492524,"Sbroot","Summer"
"BM290","08/10/2013",-113.43141,45.73065,3.03348160380382,"Sbroot","Summer"
"BM293","08/01/2013",-113.81391,45.95256,2.37992051022161,"Sbroot","Summer"
"BM298","08/28/2012",-114.20348,45.88022,3.17100611821169,"Sbroot","Summer"
"BM299-2","07/29/2013",-113.81709,45.86702,3.08737119424435,"Sbroot","Summer"
"BM299","07/29/2013",-113.81969,45.86669,2.52672052185498,"Sbroot","Summer"
"BM3","07/31/2012",-113.9399,45.79406,3.0253224385855,"Sbroot","Summer"
"BM310-1","08/28/2013",-114.40532,45.54506,2.86356100883649,"Sbroot","Summer"
"BM310","08/16/2012",-114.4053,45.54506,3.06293073432836,"Sbroot","Summer"
"BM315-2","08/10/2013",-113.44361,45.75324,2.94681098154413,"Sbroot","Summer"
"BM315","08/10/2013",-113.44656,45.7555,2.95941028718023,"Sbroot","Summer"
"BM318","08/23/2012",-113.70895,45.68563,2.86497826601352,"Sbroot","Summer"
"BM324","08/26/2012",-113.9231,45.70744,2.17952890149914,"Sbroot","Summer"
"BM325","08/05/2013",-113.33554,45.79626,2.9498930355365,"Sbroot","Summer"
"BM329","08/27/2012",-113.28724,45.8788,3.11694111967406,"Sbroot","Summer"
"BM33-1","07/11/2013",-113.90888,45.70475,2.89621546839531,"Sbroot","Summer"
"BM34","08/09/2013",-114.38438,45.72521,2.17952890149914,"Sbroot","Summer"
"BM345","08/08/2012",-113.7567,45.92757,3.00321224619302,"Sbroot","Summer"
"BM353","07/23/2013",-113.925285,45.64972,2.39439231429508,"Sbroot","Summer"
"BM354","08/22/2012",-113.48647,45.71579,3.0141309648532,"Sbroot","Summer"
"BM361","08/10/2013",-113.27853,45.83041,2.97248582418792,"Sbroot","Summer"
"BM366","08/05/2013",-113.91037,46.01708,2.94313423259489,"Sbroot","Summer"
"BM367","08/12/2013",-113.80284,45.91783,3.00885924362545,"Sbroot","Summer"
"BM368","07/13/2013",-113.96808,45.74825,2.84751485154329,"Sbroot","Summer"
"BM374","07/13/2013",-113.9433,45.72417,2.4148063128303,"Sbroot","Summer"
"BM378","08/14/2012",-114.38827,45.76332,2.97386024178929,"Sbroot","Summer"
"BM381","08/06/2013",-113.3817,45.81874,3.13439436703605,"Sbroot","Summer"
"BM387","07/11/2013",-114.49759,45.5784,2.35071750314226,"Sbroot","Summer"
"BM389","08/09/2013",-114.00607,45.89907,3.00878979276351,"Sbroot","Summer"
"BM393","08/05/2013",-113.29498,45.7949,3.10735743696679,"Sbroot","Summer"
"BM395","08/11/2012",-114.29922,45.60329,3.03559339301023,"Sbroot","Summer"
"BM4","08/01/2012",-113.93008,45.79686,3.00417621726174,"Sbroot","Summer"
"BM400","08/11/2013",-114.30912,45.59747,2.80205223115617,"Sbroot","Summer"
"BM402","07/23/2013",-113.90891,45.61258,2.68919353815506,"Sbroot","Summer"
"BM418","08/15/2012",-114.32296,45.67489,3.01961294150489,"Sbroot","Summer"
"BM42-1","07/09/2013",-114.41622,45.54598,2.53013555743888,"Sbroot","Summer"
"BM42","08/16/2012",-114.41622,45.54598,2.36351847239375,"Sbroot","Summer"
"BM423","08/13/2013",-113.77903,45.71441,3.24110632880914,"Sbroot","Summer"
"BM43","08/28/2012",-114.32058,45.79959,3.03237020744244,"Sbroot","Summer"
"BM431","08/08/2013",-114.20816,45.67,2.37320211419058,"Sbroot","Summer"
"BM436","07/11/2013",-114.45267,45.54944,2.17952890149914,"Sbroot","Summer"
"BM438","08/02/2012",-113.64008,45.73018,2.44331020441433,"Sbroot","Summer"
"BM44","08/10/2012",-114.26969,45.71388,2.81149797110201,"Sbroot","Summer"
"BM440","07/29/2013",-113.92107,45.8708,2.96010535074402,"Sbroot","Summer"
"BM442","07/15/2013",-114.5212,45.70137,2.30943607373422,"Sbroot","Summer"
"BM445-2","08/07/2013",-113.37404,45.82495,2.97688500315514,"Sbroot","Summer"
"BM445","08/06/2013",-113.37991,45.82028,3.05147313319788,"Sbroot","Summer"
"BM447","08/08/2013",-114.26562,45.65764,2.94187843313379,"Sbroot","Summer"
"BM448","08/15/2012",-114.35771,45.69233,3.04950962630872,"Sbroot","Summer"
"BM45","08/05/2012",-113.91556,45.74987,2.73498386378757,"Sbroot","Summer"
"BM458","07/31/2013",-113.8297,45.96436,2.71446340719258,"Sbroot","Summer"
"BM459-2","08/12/2013",-113.86166,45.92445,2.49210649801632,"Sbroot","Summer"
"BM459","08/12/2013",-113.86076,45.92326,2.37466183047894,"Sbroot","Summer"
"BM461","07/31/2013",-113.83237,45.98391,2.98126322013928,"Sbroot","Summer"
"BM463","08/26/2012",-113.88744,45.67798,2.94401381727654,"Sbroot","Summer"
"BM465","08/11/2013",-114.22562,45.77981,2.72334680162842,"Sbroot","Summer"
"BM477","08/23/2012",-113.50879,45.68997,2.95474225426375,"Sbroot","Summer"
"BM48","08/09/2012",-114.08349,45.84575,2.91000180267251,"Sbroot","Summer"
"BM484","08/10/2013",-113.25268,45.84059,2.97332144280774,"Sbroot","Summer"
"BM486","07/31/2013",-113.84919,45.98669,2.81095254700375,"Sbroot","Summer"
"BM5","08/01/2012",-113.92981,45.767049,2.99977991673233,"Sbroot","Summer"
"BM500","07/14/2013",-114.00896,45.75109,3.00297898849837,"Sbroot","Summer"
"BM504","08/20/2013",-114.06418,45.79073,2.94750092250675,"Sbroot","Summer"
"BM514","07/13/2013",-114.0032,45.76481,3.03875629984767,"Sbroot","Summer"
"BM525","07/12/2013",-114.03287,45.78474,2.18419304269131,"Sbroot","Summer"
"BM528","07/25/2013",-114.02505,45.74799,2.65430680997891,"Sbroot","Summer"
"BM53-2","08/07/2013",-113.4143,45.80629,3.05714452407659,"Sbroot","Summer"
"BM53","08/07/2013",-113.41489,45.80932,3.09070086993725,"Sbroot","Summer"
"BM531","07/14/2013",-114.03105,45.75316,2.84833582627398,"Sbroot","Summer"
"BM534","08/20/2013",-114.03884,45.75725,3.03743033275374,"Sbroot","Summer"
"BM535","07/14/2013",-114.03323,45.75186,2.39351465355304,"Sbroot","Summer"
"BM539","07/12/2013",-114.02809,45.77643,2.96706357724788,"Sbroot","Summer"
"BM54","08/15/2012",-114.3349,45.67611,3.03869046214848,"Sbroot","Summer"
"BM540","07/25/2013",-114.02642,45.7573,2.98550717867421,"Sbroot","Summer"
"BM541","07/25/2013",-114.02831,45.75778,2.9154013771287,"Sbroot","Summer"
"BM544","08/20/2013",-114.04697,45.75243,2.97029628081364,"Sbroot","Summer"
"BM545","08/20/2013",-114.063,45.75755,3.02194224573623,"Sbroot","Summer"
"BM548","08/24/2012",-113.69179,45.77312,2.2502478293949,"Sbroot","Summer"
"BM552","08/12/2012",-114.36636,45.61291,2.9667273065285,"Sbroot","Summer"
"BM554","08/19/2012",-113.65672,45.8399,3.25768949696289,"Sbroot","Summer"
"BM555","08/13/2012",-114.35205,45.62129,2.80452020109179,"Sbroot","Summer"
"BM558","08/19/2013",-113.71857,45.85271,2.65029822149537,"Sbroot","Summer"
"BM559","08/07/2013",-113.66546,45.86172,2.4193645098226,"Sbroot","Summer"
"BM566","07/16/2013",-114.131568,46.05563,2.98607706386331,"Sbroot","Summer"
"BM583","08/03/2012",-114.05988,46.03181,2.53220106411411,"Sbroot","Summer"
"BM584","08/13/2013",-113.71636,45.7868,2.76125633302511,"Sbroot","Summer"
"BM585","08/12/2013",-113.70612,45.76358,2.44960136794088,"Sbroot","Summer"
"BM592","08/12/2012",-114.33288,45.60234,2.98865564718393,"Sbroot","Summer"
"BM6","08/01/2012",-113.94101,45.79692,3.06157350491744,"Sbroot","Summer"
"BM602","07/30/2013",-114.03315,46.05949,2.76835655869689,"Sbroot","Summer"
"BM614","08/06/2012",-114.13095,46.03082,2.92731256756199,"Sbroot","Summer"
"BM62","07/24/2013",-113.86671,46.09155,2.37715442660034,"Sbroot","Summer"
"BM627","07/10/2013",-114.3225,45.69555,2.99706901712773,"Sbroot","Summer"
"BM628","08/24/2012",-113.68518,45.77656,3.0693512854211,"Sbroot","Summer"
"BM630","07/17/2013",-114.13507,46.04039,2.98162127782022,"Sbroot","Summer"
"BM631","08/03/2012",-114.04518,46.03008,3.07191649794969,"Sbroot","Summer"
"BM643","07/17/2013",-114.14305,46.0462,2.89253193834955,"Sbroot","Summer"
"BM644","08/12/2013",-113.70434,45.76558,2.40177751527361,"Sbroot","Summer"
"BM649","07/18/2013",-114.13944,46.06303,2.89273494801085,"Sbroot","Summer"
"BM654","08/19/2013",-113.71041,45.86029,2.17952890149914,"Sbroot","Summer"
"BM655","08/07/2012",-114.06195,46.06031,3.0300940369013,"Sbroot","Summer"
"BM661","08/03/2012",-114.05533,46.02774,2.71699256156883,"Sbroot","Summer"
"BM674","08/07/2013",-113.66521,45.83847,2.17952890149914,"Sbroot","Summer"
"BM675","07/08/2013",-113.97971,45.9747,2.95601747168545,"Sbroot","Summer"
"BM681","08/13/2013",-113.719652,45.7784,2.97732051293073,"Sbroot","Summer"
"BM685","07/08/2013",-113.98933,45.98323,3.04673711767805,"Sbroot","Summer"
"BM687","08/06/2013",-113.63979,45.82148,3.09282662560755,"Sbroot","Summer"
"BM697","08/14/2013",-113.77218,45.82776,2.46203602465401,"Sbroot","Summer"
"BM7","08/01/2012",-113.91121,45.76028,2.65755833898802,"Sbroot","Summer"
"BM702","08/19/2012",-113.66639,45.83209,2.88701960426712,"Sbroot","Summer"
"BM705","08/13/2013",-113.71248,45.77767,2.53436068186573,"Sbroot","Summer"
"BM707","08/20/2012",-113.62402,45.83633,3.01154458745597,"Sbroot","Summer"
"BM708","08/14/2013",-113.78474,45.82795,2.94006425380966,"Sbroot","Summer"
"BM72","08/09/2013",-114.34512,45.79702,2.95215375001813,"Sbroot","Summer"
"BM722","08/07/2013",-113.67759,45.90376,2.81372882110799,"Sbroot","Summer"
"BM723","08/24/2012",-113.69244,45.77458,2.55224696239814,"Sbroot","Summer"
"BM739","07/30/2013",-114.0367,46.07299,2.94315121571807,"Sbroot","Summer"
"BM74","08/25/2012",-113.25206,45.86532,2.9957910626119,"Sbroot","Summer"
"BM740","08/19/2013",-113.76064,45.83506,2.74448423949551,"Sbroot","Summer"
"BM749","08/19/2012",-113.66797,45.83203,3.12852647073134,"Sbroot","Summer"
"BM753","08/18/2012",-113.72355,45.81966,3.25768949696289,"Sbroot","Summer"
"BM76-2","08/05/2013",-113.30952,45.82853,3.10775501864745,"Sbroot","Summer"
"BM76","08/05/2013",-113.30656,45.82758,2.97559409582352,"Sbroot","Summer"
"BM769","07/16/2013",-114.15118,46.03399,2.92438906380838,"Sbroot","Summer"
"BM77","08/08/2012",-113.75484,45.94233,2.98906484611168,"Sbroot","Summer"
"BM771","08/18/2012",-113.72709,45.82281,3.25134199396349,"Sbroot","Summer"
"BM772","08/08/2013",-113.67655,45.90052,2.59769286760007,"Sbroot","Summer"
"BM774","08/06/2012",-114.12277,46.02703,3.04403903786924,"Sbroot","Summer"
"BM780","08/20/2012",-113.63118,45.83801,2.79260658467641,"Sbroot","Summer"
"BM782","07/18/2013",-114.1329,46.06901,2.90780149463317,"Sbroot","Summer"
"BM789","08/13/2012",-114.35997,45.61966,2.82479402125315,"Sbroot","Summer"
"BM791","08/03/2012",-114.01911,46.02636,3.07771102027158,"Sbroot","Summer"
"BM792","08/06/2013",-113.64238,45.83736,3.19803669525574,"Sbroot","Summer"
"BM793","08/06/2012",-114.14555,46.01713,2.94703846994016,"Sbroot","Summer"
"BM801","08/07/2013",-113.64832,45.85599,2.77994795326852,"Sbroot","Summer"
"BM806","08/20/2012",-113.62502,45.8382,2.93080186322443,"Sbroot","Summer"
"BM807","08/18/2012",-113.734,45.81728,3.21840367966885,"Sbroot","Summer"
"BM808","08/06/2012",-114.143398,46.04119,3.00679705418139,"Sbroot","Summer"
"BM812","07/30/2013",-114.02584,46.07235,3.02676988597433,"Sbroot","Summer"
"BM813","08/06/2012",-114.13129,46.03514,2.87528196280103,"Sbroot","Summer"
"BM819","07/16/2013",-114.15405,46.03067,2.89850830198913,"Sbroot","Summer"
"BM82","08/22/2012",-113.45825,45.71196,3.12400112859641,"Sbroot","Summer"
"BM821","08/06/2013",-113.6487,45.85026,2.29841380327918,"Sbroot","Summer"
"BM825","07/17/2013",-114.1411,46.05368,2.95800478040045,"Sbroot","Summer"
"BM829","08/07/2012",-114.07016,46.04853,3.03436068465586,"Sbroot","Summer"
"BM833","08/06/2012",-114.14526,46.02693,2.84909380220296,"Sbroot","Summer"
"BM834","08/08/2013",-113.70081,45.9035,3.05769366843956,"Sbroot","Summer"
"BM835","08/20/2012",-113.32813,45.82775,2.94761139302343,"Sbroot","Summer"
"BM836","08/18/2012",-113.69923,45.83755,2.17952890149914,"Sbroot","Summer"
"BM87","08/14/2012",-114.30825,45.81243,2.98710348497662,"Sbroot","Summer"
"BM89","08/15/2012",-114.33327,45.70564,3.0111642948194,"Sbroot","Summer"
"BM90","08/24/2012",-113.64022,45.71454,2.88042405066094,"Sbroot","Summer"
"BM92","07/11/2013",-114.47092,45.56451,2.98814934809695,"Sbroot","Summer"
"BM98","07/16/2013",-113.91559,45.73695,2.66064520478853,"Sbroot","Summer"
"Random","08/17/2012",-114.05177,46.03547,2.49718318091594,"Sbroot","Summer"
"BM33","08/28/2012",-113.90905,45.7051,0,"Sbroot","Summer"
