"PlotVisit","DE","PlotID","Date","Latitude","Longitude","PlotYear"
"10.2014-08-29",2.50801955710998,10,2014-08-29,46.57791,-113.82738,"10.2014"
"1016.2015-08-26",2.86060401888368,1016,2015-08-26,46.45785,-113.76855,"1016.2015"
"1017.2015-08-26",2.79620858227848,1017,2015-08-26,46.45856,-113.76639,"1017.2015"
"1018.2015-08-26",2.91605957018343,1018,2015-08-26,46.457755,-113.7694,"1018.2015"
"1019.2015-08-26",2.59505823202585,1019,2015-08-26,46.45834,-113.76865,"1019.2015"
"1020.2015-08-26",2.62122894956285,1020,2015-08-26,46.45783,-113.76779,"1020.2015"
"1022.2015-07-28",3.15747810741686,1022,2015-07-28,46.41864,-113.69937,"1022.2015"
"1023.2015-07-28",3.06914681976285,1023,2015-07-28,46.41848,-113.70033,"1023.2015"
"1026.2015-07-29",2.33450826138903,1026,2015-07-29,46.45065,-113.6879,"1026.2015"
"1028.2015-07-29",2.08869447264793,1028,2015-07-29,46.45114,-113.68591,"1028.2015"
"1034.2015-07-28",3.02966924534126,1034,2015-07-28,46.50418,-113.74872,"1034.2015"
"1035.2015-07-28",2.86421789441643,1035,2015-07-28,46.5065,-113.75257,"1035.2015"
"1036.2015-07-17",3.08090469410947,1036,2015-07-17,46.55299,-113.8561,"1036.2015"
"1037.2015-07-17",3.14655729613977,1037,2015-07-17,46.55295,-113.8577,"1037.2015"
"1038.2015-07-17",2.92197559355381,1038,2015-07-17,46.55197,-113.85443,"1038.2015"
"1039.2015-07-17",2.87118493463046,1039,2015-07-17,46.5524,-113.85568,"1039.2015"
"1040.2015-07-17",3.07915946723946,1040,2015-07-17,46.55205,-113.85761,"1040.2015"
"1041.2015-08-13",3.06417877006086,1041,2015-08-13,46.16954,-113.95236,"1041.2015"
"1042.2015-08-13",2.94979749226302,1042,2015-08-13,46.17253,-113.95476,"1042.2015"
"1043.2015-08-13",3.14007528276819,1043,2015-08-13,46.17142,-113.95269,"1043.2015"
"1044.2015-08-13",2.93098872966776,1044,2015-08-13,46.17376,-113.95651,"1044.2015"
"1045.2015-08-13",3.07454910773679,1045,2015-08-13,46.17096,-113.95475,"1045.2015"
"1046.2015-08-04",1.82525874393225,1046,2015-08-04,46.43477,-113.8822,"1046.2015"
"1047.2015-08-04",2.87023513232658,1047,2015-08-04,46.43317,-113.88142,"1047.2015"
"1048.2015-08-04",1.84744001935798,1048,2015-08-04,46.43445,-113.87841,"1048.2015"
"1049.2015-08-04",1.88461539328645,1049,2015-08-04,46.43217,-113.87627,"1049.2015"
"1051.2015-08-24",3.17453083957905,1051,2015-08-24,46.73847,-113.74313,"1051.2015"
"1052.2015-08-24",2.82566813971211,1052,2015-08-24,46.73826,-113.74399,"1052.2015"
"1053.2015-08-24",2.9959182995206,1053,2015-08-24,46.73917,-113.74344,"1053.2015"
"1055.2015-08-24",2.81763654798822,1055,2015-08-24,46.73906,-113.74414,"1055.2015"
"1057.2015-07-27",1.84921172484001,1057,2015-07-27,46.41428,-113.6487,"1057.2015"
"1059.2015-07-27",2.21039392439126,1059,2015-07-27,46.41322,-113.65273,"1059.2015"
"106.2014-08-22",3.01036945262744,106,2014-08-22,46.69669,-113.75302,"106.2014"
"1061.2015-07-29",1.93208885557204,1061,2015-07-29,46.44749,-113.68022,"1061.2015"
"1063.2015-07-29",1.820186822621,1063,2015-07-29,46.4474,-113.67847,"1063.2015"
"1065.2015-07-29",1.81232274761669,1065,2015-07-29,46.44672,-113.67832,"1065.2015"
"1071.2015-08-26",3.03356436680883,1071,2015-08-26,46.46227,-113.76657,"1071.2015"
"1072.2015-08-26",2.86459606814409,1072,2015-08-26,46.45983,-113.76781,"1072.2015"
"1073.2015-08-26",2.70967532661509,1073,2015-08-26,46.45919,-113.76843,"1073.2015"
"1074.2015-08-26",2.76993203421361,1074,2015-08-26,46.46082,-113.76708,"1074.2015"
"1075.2015-08-26",2.98822557894366,1075,2015-08-26,46.46345,-113.76576,"1075.2015"
"1076.2015-07-30",2.0103598745034,1076,2015-07-30,46.51913,-113.72901,"1076.2015"
"1078.2015-07-30",2.25388547037569,1078,2015-07-30,46.51959,-113.72647,"1078.2015"
"1079.2015-07-30",2.17864523187526,1079,2015-07-30,46.52,-113.72807,"1079.2015"
"108.2014-08-22",2.83846910685013,108,2014-08-22,46.69677,-113.75497,"108.2014"
"1080.2015-07-30",2.14109097058172,1080,2015-07-30,46.51945,-113.72504,"1080.2015"
"1081.2015-07-28",2.91751123331918,1081,2015-07-28,46.50681,-113.75902,"1081.2015"
"1082.2015-07-28",3.17915408636575,1082,2015-07-28,46.50572,-113.75485,"1082.2015"
"1083.2015-07-28",2.8869117764285,1083,2015-07-28,46.5064,-113.75729,"1083.2015"
"1084.2015-07-28",3.0215365643628,1084,2015-07-28,46.50706,-113.75525,"1084.2015"
"1085.2015-07-28",3.06268600744013,1085,2015-07-28,46.50443,-113.75744,"1085.2015"
"1086.2015-08-03",2.89012421874066,1086,2015-08-03,46.76756,-113.72868,"1086.2015"
"1087.2015-08-03",2.8020562543083,1087,2015-08-03,46.76617,-113.72401,"1087.2015"
"1088.2015-08-03",2.96615074722588,1088,2015-08-03,46.76758,-113.72476,"1088.2015"
"1089.2015-08-03",2.90866533494337,1089,2015-08-03,46.76721,-113.72686,"1089.2015"
"109.2014-08-22",2.68575680944031,109,2014-08-22,46.69764,-113.75593,"109.2014"
"1090.2015-08-03",3.06978680642868,1090,2015-08-03,46.76882,-113.72728,"1090.2015"
"1091.2015-08-07",2.98494149456587,1091,2015-08-07,46.77219,-113.73559,"1091.2015"
"1092.2015-08-07",2.91241750328083,1092,2015-08-07,46.77132,-113.73527,"1092.2015"
"1093.2015-08-07",2.90943235890983,1093,2015-08-07,46.77135,-113.73388,"1093.2015"
"1094.2015-08-07",2.83614919855594,1094,2015-08-07,46.77153,-113.73269,"1094.2015"
"1095.2015-08-07",2.95003352749743,1095,2015-08-07,46.76889,-113.73139,"1095.2015"
"1096.2015-08-11",2.9896430550595,1096,2015-08-11,45.81474,-114.27979,"1096.2015"
"1097.2015-08-11",2.93267903934312,1097,2015-08-11,45.81618,-114.28146,"1097.2015"
"1098.2015-08-11",3.02406632240057,1098,2015-08-11,45.81254,-114.27837,"1098.2015"
"1099.2015-08-11",3.07442328281722,1099,2015-08-11,45.81361,-114.28311,"1099.2015"
"11.2014-08-29",2.56623529589538,11,2014-08-29,46.57806,-113.83122,"11.2014"
"1100.2015-08-11",3.02794345930656,1100,2015-08-11,45.81101,-114.28016,"1100.2015"
"1101.2015-08-11",2.88123737936093,1101,2015-08-11,45.81963,-114.27502,"1101.2015"
"1102.2015-08-11",2.78578002615836,1102,2015-08-11,45.82174,-114.27261,"1102.2015"
"1103.2015-08-11",3.07510750221954,1103,2015-08-11,45.81951,-114.26773,"1103.2015"
"1104.2015-08-11",2.85456749869349,1104,2015-08-11,45.82141,-114.27317,"1104.2015"
"1105.2015-08-11",2.86878570324428,1105,2015-08-11,45.82006,-114.27076,"1105.2015"
"12.2014-08-29",2.44929353777176,12,2014-08-29,46.57597,-113.83202,"12.2014"
"1200.2015-07-16",2.82432580920269,1200,2015-07-16,46.67586,-114.00526,"1200.2015"
"1201.2015-07-16",2.75517312735512,1201,2015-07-16,46.67507,-114.00693,"1201.2015"
"1202.2015-07-16",2.94893354772504,1202,2015-07-16,46.69481,-114.02106,"1202.2015"
"1203.2015-07-16",2.73856747834128,1203,2015-07-16,46.69595,-114.02146,"1203.2015"
"1204.2015-07-16",2.98722268527379,1204,2015-07-16,46.69637,-114.02289,"1204.2015"
"1205.2015-07-16",2.94672590322571,1205,2015-07-16,46.6951,-114.02276,"1205.2015"
"1206.2015-07-16",2.88342142442674,1206,2015-07-16,46.69736,-114.02206,"1206.2015"
"1207.2015-07-31",2.79139192807523,1207,2015-07-31,46.70684,-114.03217,"1207.2015"
"1208.2015-07-31",2.76550786980617,1208,2015-07-31,46.7061,-114.03335,"1208.2015"
"1209.2015-07-31",2.86800044510378,1209,2015-07-31,46.70509,-114.03422,"1209.2015"
"1210.2015-08-27",2.84632548240773,1210,2015-08-27,46.70617,-114.03466,"1210.2015"
"1211.2015-08-27",2.8444204070355,1211,2015-08-27,46.70494,-114.03242,"1211.2015"
"1212.2015-07-21",2.90943561604245,1212,2015-07-21,46.48051,-113.94422,"1212.2015"
"1213.2015-07-21",2.84976052270665,1213,2015-07-21,46.47941,-113.94303,"1213.2015"
"1214.2015-07-21",2.86617302313082,1214,2015-07-21,46.48006,-113.94714,"1214.2015"
"1215.2015-07-21",2.95358257809907,1215,2015-07-21,46.47782,-113.94644,"1215.2015"
"1216.2015-07-21",2.94274232201313,1216,2015-07-21,46.47841,-113.94465,"1216.2015"
"1217.2015-07-31",2.81951552703893,1217,2015-07-31,46.48507,-113.94688,"1217.2015"
"1218.2015-07-31",2.8953356113601,1218,2015-07-31,46.48972,-113.94481,"1218.2015"
"1219.2015-07-31",2.82343419876152,1219,2015-07-31,46.48823,-113.94223,"1219.2015"
"122.2015-07-22",2.57783745468272,122,2015-07-22,46.71025,-113.89076,"122.2015"
"1220.2015-07-31",2.86973440945189,1220,2015-07-31,46.48859,-113.94427,"1220.2015"
"1221.2015-07-31",2.93455562300532,1221,2015-07-31,46.48534,-113.94415,"1221.2015"
"1227.2015-07-22",2.85713404707414,1227,2015-07-22,46.71213,-114.03623,"1227.2015"
"1228.2015-07-22",2.81841348054248,1228,2015-07-22,46.71537,-114.03191,"1228.2015"
"1229.2015-07-22",2.98098520566945,1229,2015-07-22,46.71447,-114.03476,"1229.2015"
"123.2015-07-22",3.01827434976426,123,2015-07-22,46.70776,-113.89333,"123.2015"
"1230.2015-07-22",2.8178555927899,1230,2015-07-22,46.71962,-114.03295,"1230.2015"
"1231.2015-07-22",2.54623985950164,1231,2015-07-22,46.72213,-114.03445,"1231.2015"
"124.2015-07-22",2.7915784204151,124,2015-07-22,46.7101,-113.88985,"124.2015"
"1241.2015-08-05",3.128811363875,1241,2015-08-05,46.68063,-114.03706,"1241.2015"
"1242.2015-08-05",3.27758134868936,1242,2015-08-05,46.68016,-114.03416,"1242.2015"
"1243.2015-08-05",3.22640369456587,1243,2015-08-05,46.68143,-114.03297,"1243.2015"
"1245.2015-08-31",2.94288839036837,1245,2015-08-31,46.57967,-113.96089,"1245.2015"
"1246.2015-08-31",2.94405364194626,1246,2015-08-31,46.57936,-113.95898,"1246.2015"
"1247.2015-08-24",3.20621493380784,1247,2015-08-24,46.59946,-113.93914,"1247.2015"
"1248.2015-08-24",3.03096868557675,1248,2015-08-24,46.59611,-113.9437,"1248.2015"
"1249.2015-08-24",3.02663275609866,1249,2015-08-24,46.60378,-113.93877,"1249.2015"
"125.2015-07-22",2.61732698192257,125,2015-07-22,46.70846,-113.89109,"125.2015"
"1250.2015-08-24",3.16956167678103,1250,2015-08-24,46.59833,-113.94372,"1250.2015"
"1251.2015-08-24",3.15492213986389,1251,2015-08-24,46.60011,-113.94244,"1251.2015"
"1252.2015-08-31",3.23315398700352,1252,2015-08-31,46.5778,-113.96169,"1252.2015"
"1254.2015-08-03",3.13809222463099,1254,2015-08-03,46.54859,-113.95792,"1254.2015"
"1256.2015-08-03",3.12875658645066,1256,2015-08-03,46.5468,-113.95878,"1256.2015"
"1257.2015-08-03",3.13399277400052,1257,2015-08-03,46.54859,-113.96088,"1257.2015"
"1258.2015-08-27",3.18945415932624,1258,2015-08-27,46.59108,-113.94801,"1258.2015"
"1259.2015-08-27",2.94045565935519,1259,2015-08-27,46.59225,-113.95035,"1259.2015"
"1260.2015-08-17",3.14625538120019,1260,2015-08-17,46.46897,-113.94883,"1260.2015"
"1261.2015-08-17",3.10551612817029,1261,2015-08-17,46.46987,-113.94937,"1261.2015"
"1262.2015-08-17",3.21023581145671,1262,2015-08-17,46.46938,-113.94449,"1262.2015"
"1263.2015-08-17",3.21709346413537,1263,2015-08-17,46.47165,-113.95267,"1263.2015"
"1264.2015-08-17",3.15389072315657,1264,2015-08-17,46.46817,-113.94474,"1264.2015"
"1265.2015-08-27",3.21084172767117,1265,2015-08-27,46.47218,-113.95188,"1265.2015"
"1266.2015-08-27",3.23335512556478,1266,2015-08-27,46.47161,-113.95116,"1266.2015"
"1267.2015-08-27",3.2602529302728,1267,2015-08-27,46.46828,-113.94315,"1267.2015"
"1268.2015-08-31",3.19592555070594,1268,2015-08-31,46.4694,-113.94531,"1268.2015"
"1269.2015-08-31",3.28053414761615,1269,2015-08-31,46.4664,-113.94285,"1269.2015"
"131.2015-08-20",2.99106665649724,131,2015-08-20,46.44442,-113.9044,"131.2015"
"132.2015-08-20",3.15290312107913,132,2015-08-20,46.43963,-113.91031,"132.2015"
"133.2015-08-20",2.9543836828928,133,2015-08-20,46.44043,-113.90961,"133.2015"
"134.2015-08-20",3.11339035599853,134,2015-08-20,46.44423,-113.90306,"134.2015"
"135.2015-08-20",3.00761873436135,135,2015-08-20,46.44241,-113.90115,"135.2015"
"141.2014-08-20",3.01557793408036,141,2014-08-20,46.72977,-113.76678,"141.2014"
"144.2014-08-20",2.7710983069279,144,2014-08-20,46.73064,-113.76451,"144.2014"
"145.2014-08-20",2.70932775951044,145,2014-08-20,46.72842,-113.76938,"145.2014"
"146.2014-07-22",2.96754675044064,146,2014-07-22,46.82685,-113.92958,"146.2014"
"147.2014-07-16",2.976368153809,147,2014-07-16,46.82719,-113.92465,"147.2014"
"148.2014-07-22",3.12637811926592,148,2014-07-22,46.82853,-113.93294,"148.2014"
"149.2014-07-22",3.20378252770465,149,2014-07-22,46.82486,-113.93153,"149.2014"
"150.2014-07-22",2.96512356072794,150,2014-07-22,46.83824,-113.92753,"150.2014"
"151.2015-08-18",3.05357537679909,151,2015-08-18,46.60257,-113.90403,"151.2015"
"153.2015-08-18",3.15307236938556,153,2015-08-18,46.60326,-113.90753,"153.2015"
"154.2015-08-18",2.86706156516489,154,2015-08-18,46.60359,-113.90408,"154.2015"
"16.2015-07-23",1.83279499992371,16,2015-07-23,46.46618,-113.84541,"16.2015"
"161.2014-08-04",3.05973193510278,161,2014-08-04,46.82724,-113.94535,"161.2014"
"162.2014-08-04",2.79721638242867,162,2014-08-04,46.82912,-113.94309,"162.2014"
"164.2014-08-04",2.96401782269216,164,2014-08-04,46.83067,-113.94137,"164.2014"
"165.2014-08-04",3.06454283513078,165,2014-08-04,46.82622,-113.94515,"165.2014"
"17.2015-07-23",1.87767198710137,17,2015-07-23,46.46541,-113.84467,"17.2015"
"171.2014-08-22",3.11304981266286,171,2014-08-22,46.764,-113.72813,"171.2014"
"172.2014-08-12",3.04358076467742,172,2014-08-12,46.76244,-113.73286,"172.2014"
"173.2014-08-22",3.09728951730037,173,2014-08-22,46.76221,-113.72764,"173.2014"
"174.2014-08-12",3.11391687486869,174,2014-08-12,46.76221,-113.73434,"174.2014"
"175.2014-08-22",3.09718009709131,175,2014-08-22,46.75914,-113.73231,"175.2014"
"176.2015-08-18",3.0993417984077,176,2015-08-18,46.85037,-113.89031,"176.2015"
"179.2015-08-18",3.15768696101966,179,2015-08-18,46.85001,-113.89094,"179.2015"
"18.2015-07-23",1.84894122358066,18,2015-07-23,46.46559,-113.84296,"18.2015"
"19.2015-07-23",1.89662343181379,19,2015-07-23,46.46484,-113.844,"19.2015"
"191.2015-08-04",1.98006438837911,191,2015-08-04,46.50952,-113.85642,"191.2015"
"192.2015-08-04",1.8717019262809,192,2015-08-04,46.51348,-113.86186,"192.2015"
"193.2015-08-04",1.92955401496811,193,2015-08-04,46.50922,-113.85912,"193.2015"
"194.2015-08-03",1.91681816056245,194,2015-08-03,46.51368,-113.85712,"194.2015"
"195.2015-08-04",2.09887548737854,195,2015-08-04,46.51026,-113.85789,"195.2015"
"20.2015-07-21",2.45860470098339,20,2015-07-21,46.75143,-113.88459,"20.2015"
"206.2014-08-26",1.81516393467412,206,2014-08-26,46.76406,-113.88225,"206.2014"
"207.2014-08-26",2.26439672724112,207,2014-08-26,46.75041,-113.88361,"207.2014"
"208.2014-08-26",2.02411399316796,208,2014-08-26,46.76282,-113.88194,"208.2014"
"209.2014-08-26",2.30422749251339,209,2014-08-26,46.76299,-113.87981,"209.2014"
"21.2015-07-21",3.14981746756979,21,2015-07-21,46.74842,-113.88261,"21.2015"
"210.2014-08-26",1.82525874393225,210,2014-08-26,46.75955,-113.88116,"210.2014"
"216.2015-08-03",3.12946542713271,216,2015-08-03,46.71538,-113.74931,"216.2015"
"217.2015-08-03",2.59732267454854,217,2015-08-03,46.71454,-113.74426,"217.2015"
"218.2015-08-03",2.0192638812039,218,2015-08-03,46.71438,-113.7466,"218.2015"
"22.2015-07-21",2.48829312963981,22,2015-07-21,46.75237,-113.88403,"22.2015"
"220.2015-08-03",2.64937870773609,220,2015-08-03,46.71367,-113.74107,"220.2015"
"221.2015-08-28",2.28969056741875,221,2015-08-28,46.64315,-113.76135,"221.2015"
"222.2015-08-28",2.41479461262997,222,2015-08-28,46.64297,-113.76458,"222.2015"
"223.2015-08-28",2.48886773216623,223,2015-08-28,46.64416,-113.76387,"223.2015"
"224.2015-08-28",2.38737666659436,224,2015-08-28,46.64323,-113.76298,"224.2015"
"231.2015-08-19",2.30301717042636,231,2015-08-19,46.32373,-113.89344,"231.2015"
"232.2015-08-19",2.53026698751444,232,2015-08-19,46.32465,-113.88433,"232.2015"
"233.2015-08-19",2.00518746333019,233,2015-08-19,46.32622,-113.88708,"233.2015"
"234.2015-08-19",1.97161579588805,234,2015-08-19,46.3257,-113.89254,"234.2015"
"235.2015-08-19",2.27803348454148,235,2015-08-19,46.32475,-113.89033,"235.2015"
"237.2014-08-29",1.77310849410561,237,2014-08-29,46.2986,-113.8753,"237.2014"
"238.2014-08-29",2.34485120204025,238,2014-08-29,46.3009,-113.87283,"238.2014"
"239.2014-08-29",1.88798228823947,239,2014-08-29,46.29751,-113.87439,"239.2014"
"24.2015-07-21",2.51310828702211,24,2015-07-21,46.74804,-113.88482,"24.2015"
"240.2014-08-29",2.31626735291341,240,2014-08-29,46.29958,-113.87552,"240.2014"
"244.2014-07-24",1.93039352321603,244,2014-07-24,46.53373,-113.84006,"244.2014"
"245.2014-07-24",1.74743391457747,245,2014-07-24,46.5352,-113.83706,"245.2014"
"246.2014-07-24",1.88303589014676,246,2014-07-24,46.53429,-113.83549,"246.2014"
"25.2014-08-28",2.15209998709939,25,2014-08-28,46.75571,-113.84053,"25.2014"
"26.2014-08-28",2.37511175566726,26,2014-08-28,46.75592,-113.84168,"26.2014"
"265.2014-07-24",1.82359367903387,265,2014-07-24,46.53503,-113.83635,"265.2014"
"266.2014-07-24",1.8440602584199,266,2014-07-24,46.53437,-113.83934,"266.2014"
"267.2014-07-24",2.10183466159095,267,2014-07-24,46.53641,-113.84325,"267.2014"
"268.2014-07-29",2.61889391154904,268,2014-07-29,46.53565,-113.83601,"268.2014"
"269.2014-07-29",1.92158395921,269,2014-07-29,46.53553,-113.83736,"269.2014"
"27.2014-08-28",2.33663390005071,27,2014-08-28,46.75481,-113.84254,"27.2014"
"270.2015-08-06",2.33943568576381,270,2015-08-06,46.43407,-113.88264,"270.2015"
"279.2015-08-31",3.07965013175184,279,2015-08-31,46.71571,-114.05119,"279.2015"
"28.2014-08-28",2.12519579708492,28,2014-08-28,46.75267,-113.84751,"28.2014"
"280.2015-08-31",3.0356582369718,280,2015-08-31,46.71033,-114.04875,"280.2015"
"281.2015-08-21",2.73332791873907,281,2015-08-21,46.70929,-114.04823,"281.2015"
"282.2015-08-21",3.15772077088183,282,2015-08-21,46.71202,-114.05093,"282.2015"
"283.2015-08-21",2.95942300691222,283,2015-08-21,46.71463,-114.05174,"283.2015"
"284.2015-07-16",2.99067222595498,284,2015-07-16,46.67134,-114.04623,"284.2015"
"285.2015-07-16",2.95118680395573,285,2015-07-16,46.67068,-114.04744,"285.2015"
"286.2015-08-17",3.10778253487101,286,2015-08-17,46.56088,-114.09387,"286.2015"
"287.2015-08-17",2.99058304099339,287,2015-08-17,46.55975,-114.09467,"287.2015"
"288.2015-08-17",3.12115660283572,288,2015-08-17,46.56188,-114.09169,"288.2015"
"289.2015-08-17",3.37688883684604,289,2015-08-17,46.56226,-114.08987,"289.2015"
"29.2014-08-28",2.64692746033907,29,2014-08-28,46.75507,-113.84368,"29.2014"
"291.2014-08-14",2.51254795546762,291,2014-08-14,46.56311,-114.09344,"291.2014"
"293.2015-08-17",3.17226199794707,293,2015-08-17,46.57625,-114.06801,"293.2015"
"294.2014-08-14",2.75422894043617,294,2014-08-14,46.56623,-114.08849,"294.2014"
"300.2014-07-17",3.03145953486383,300,2014-07-17,46.85456,-113.88437,"300.2014"
"301.2014-07-17",3.07098671850739,301,2014-07-17,46.85576,-113.88226,"301.2014"
"302.2014-07-22",2.93395484770137,302,2014-07-22,46.85487,-113.88049,"302.2014"
"303.2014-07-17",2.93106249522831,303,2014-07-17,46.85896,-113.8836,"303.2014"
"304.2014-07-17",2.77228219170267,304,2014-07-17,46.85752,-113.88326,"304.2014"
"305.2014-08-04",2.95137638532504,305,2014-08-04,46.81895,-114.01316,"305.2014"
"306.2014-08-04",3.03063200356556,306,2014-08-04,46.81926,-114.00811,"306.2014"
"307.2014-08-04",2.63890976337268,307,2014-08-04,46.8189,-114.00503,"307.2014"
"308.2014-08-04",2.68383932083811,308,2014-08-04,46.81803,-114.00515,"308.2014"
"309.2014-08-04",2.88380479709571,309,2014-08-04,46.81756,-114.01095,"309.2014"
"310.2014-08-11",2.95080478219709,310,2014-08-11,46.74095,-114.03402,"310.2014"
"311.2014-08-11",2.69284820798928,311,2014-08-11,46.74438,-114.03027,"311.2014"
"312.2014-08-11",2.97266296848684,312,2014-08-11,46.74489,-114.03087,"312.2014"
"313.2014-08-11",2.82666966078653,313,2014-08-11,46.73975,-114.03489,"313.2014"
"314.2014-08-11",2.4980579757608,314,2014-08-11,46.73979,-114.03214,"314.2014"
"315.2014-08-25",2.58279444197693,315,2014-08-25,46.60107,-113.93311,"315.2014"
"316.2014-08-25",2.71930940022096,316,2014-08-25,46.60118,-113.93414,"316.2014"
"318.2014-08-25",2.90382840966674,318,2014-08-25,46.60221,-113.93151,"318.2014"
"319.2014-08-25",2.72662293130739,319,2014-08-25,46.60287,-113.93461,"319.2014"
"325.2014-08-12",2.72784900205432,325,2014-08-12,46.73423,-114.0443,"325.2014"
"325.2015-08-05",2.8246808055535,325,2015-08-05,46.73476,-114.04418,"325.2015"
"326.2014-08-12",2.9232214248889,326,2014-08-12,46.73131,-114.04638,"326.2014"
"326.2015-08-05",2.91607565694975,326,2015-08-05,46.7313,-114.04746,"326.2015"
"327.2014-08-12",2.44920089351758,327,2014-08-12,46.73249,-114.04685,"327.2014"
"328.2014-08-12",2.49679721214889,328,2014-08-12,46.73017,-114.0434,"328.2014"
"329.2014-08-12",2.65121882449975,329,2014-08-12,46.73307,-114.04445,"329.2014"
"330.2014-07-23",2.52254374540919,330,2014-07-23,46.67785,-113.9848,"330.2014"
"331.2014-07-21",2.49709610390011,331,2014-07-21,46.67797,-113.99229,"331.2014"
"332.2014-07-23",2.95451063630045,332,2014-07-23,46.67725,-113.9901,"332.2014"
"333.2014-07-23",2.60365854458461,333,2014-07-23,46.67916,-113.99017,"333.2014"
"334.2014-07-23",2.83428018395906,334,2014-07-23,46.67994,-113.98594,"334.2014"
"335.2014-07-21",2.54816169666792,335,2014-07-21,46.58601,-113.91708,"335.2014"
"336.2014-07-21",2.83468823155167,336,2014-07-21,46.58572,-113.91917,"336.2014"
"337.2014-07-21",2.7988176622355,337,2014-07-21,46.58648,-113.92349,"337.2014"
"338.2014-07-21",2.75130178741834,338,2014-07-21,46.58517,-113.91833,"338.2014"
"339.2014-07-21",2.94686563365382,339,2014-07-21,46.58248,-113.91828,"339.2014"
"340.2014-08-13",2.98296533900978,340,2014-08-13,46.84142,-113.96408,"340.2014"
"340.2015-08-07",2.9045239273852,340,2015-08-07,46.84105,-113.95497,"340.2015"
"341.2014-08-13",2.98818941455593,341,2014-08-13,46.83897,-113.96428,"341.2014"
"342.2014-08-13",2.96396023786887,342,2014-08-13,46.84326,-113.96555,"342.2014"
"343.2014-08-13",3.05139792356263,343,2014-08-13,46.84142,-113.96652,"343.2014"
"344.2014-08-13",2.97719345938908,344,2014-08-13,46.84119,-113.96618,"344.2014"
"344.2015-08-07",2.98108561375584,344,2015-08-07,46.84121,-113.96618,"344.2015"
"345.2015-07-23",2.92292265429186,345,2015-07-23,46.74979,-113.9958,"345.2015"
"346.2015-07-23",2.93298128700208,346,2015-07-23,46.74811,-113.99476,"346.2015"
"347.2015-07-23",2.87360980755054,347,2015-07-23,46.74886,-113.99039,"347.2015"
"348.2015-07-23",2.86103362589354,348,2015-07-23,46.774878,-113.99663,"348.2015"
"349.2015-07-23",3.01219460886532,349,2015-07-23,46.74932,-113.99974,"349.2015"
"35.2015-08-20",3.18230634311522,35,2015-08-20,46.75543,-113.89018,"35.2015"
"359.2014-07-23",2.65654466149036,359,2014-07-23,46.54897,-113.92075,"359.2014"
"36.2015-08-20",3.03525190185449,36,2015-08-20,46.75427,-113.89183,"36.2015"
"360.2014-07-23",2.52199328314509,360,2014-07-23,46.54829,-113.91525,"360.2014"
"361.2014-07-23",2.96145935960346,361,2014-07-23,46.54881,-113.91163,"361.2014"
"362.2014-07-23",2.67613682279137,362,2014-07-23,46.54768,-113.91892,"362.2014"
"363.2014-07-23",2.8045400255528,363,2014-07-23,46.55149,-113.91377,"363.2014"
"364.2014-08-18",2.97468285372713,364,2014-08-18,46.53974,-113.90571,"364.2014"
"364.2015-08-06",2.84077451859096,364,2015-08-06,46.53951,-113.90578,"364.2015"
"366.2014-08-18",2.90380029339757,366,2014-08-18,46.53877,-113.90142,"366.2014"
"367.2014-08-18",2.8597784840921,367,2014-08-18,46.54051,-113.90769,"367.2014"
"367.2015-08-06",2.7799486439028,367,2015-08-06,46.54042,-113.90758,"367.2015"
"368.2014-08-18",2.85645408496026,368,2014-08-18,46.53994,-113.90354,"368.2014"
"369.2014-07-23",2.82540990818326,369,2014-07-23,46.55111,-113.91043,"369.2014"
"37.2015-08-20",3.13459270580101,37,2015-08-20,46.75664,-113.88744,"37.2015"
"370.2014-07-23",2.7805343922934,370,2014-07-23,46.54789,-113.90875,"370.2014"
"371.2014-07-23",2.74107895663984,371,2014-07-23,46.55131,-113.91312,"371.2014"
"372.2014-07-23",2.82517478430426,372,2014-07-23,46.54943,-113.91152,"372.2014"
"373.2014-07-23",2.77663356329039,373,2014-07-23,46.55038,-113.91436,"373.2014"
"374.2014-07-18",2.7848115902654,374,2014-07-18,46.49702,-113.95142,"374.2014"
"375.2014-07-17",2.93336779246843,375,2014-07-17,46.49302,-113.95524,"375.2014"
"376.2014-07-17",2.72627381489144,376,2014-07-17,46.49224,-113.95683,"376.2014"
"377.2014-07-17",2.83688871411413,377,2014-07-17,46.4953,-113.95357,"377.2014"
"378.2014-07-18",2.68720036306613,378,2014-07-18,46.49699,-113.95315,"378.2014"
"379.2015-07-15",2.70347599605557,379,2015-07-15,46.5325,-113.92049,"379.2015"
"380.2015-07-15",2.59824626761368,380,2015-07-15,46.53278,-113.91516,"380.2015"
"381.2015-07-15",2.5918987887115,381,2015-07-15,46.53472,-113.91675,"381.2015"
"382.2015-07-15",2.57998473169136,382,2015-07-15,46.53599,-113.91744,"382.2015"
"383.2015-07-15",2.84170033115822,383,2015-07-15,46.53245,-113.91562,"383.2015"
"384.2015-08-05",3.07924612047518,384,2015-08-05,46.59157,-113.90462,"384.2015"
"385.2015-08-05",3.15604832190906,385,2015-08-05,46.58943,-113.90398,"385.2015"
"386.2015-08-05",3.09622506722454,386,2015-08-05,46.59114,-113.90322,"386.2015"
"387.2015-08-05",2.97494940958123,387,2015-08-05,46.59042,-113.90754,"387.2015"
"39.2015-08-20",3.08270477496476,39,2015-08-20,46.75302,-113.88892,"39.2015"
"40.2015-08-19",2.56939409105261,40,2015-08-19,46.32041,-113.89397,"40.2015"
"401.2014-07-18",2.86599351659092,401,2014-07-18,46.49725,-113.94418,"401.2014"
"402.2014-07-18",2.99218045321757,402,2014-07-18,46.49677,-113.93938,"402.2014"
"41.2015-08-19",3.12982121278828,41,2015-08-19,46.3187,-113.89884,"41.2015"
"42.2015-08-19",2.79270646941618,42,2015-08-19,46.31865,-113.89635,"42.2015"
"425.2014-08-27",1.92391749219968,425,2014-08-27,46.7585,-113.84092,"425.2014"
"426.2014-08-27",1.82525874393225,426,2014-08-27,46.75075,-113.83784,"426.2014"
"427.2014-08-27",2.71179227269765,427,2014-08-27,46.74941,-113.84135,"427.2014"
"428.2014-08-27",2.6030214678978,428,2014-08-27,46.74943,-113.84239,"428.2014"
"429.2014-08-27",2.11847630717093,429,2014-08-27,46.74632,-113.84281,"429.2014"
"43.2015-08-19",3.22214907966016,43,2015-08-19,46.31702,-113.90178,"43.2015"
"430.2015-07-24",2.16287561331162,430,2015-07-24,46.5074,-113.84422,"430.2015"
"431.2015-07-24",2.07105015176686,431,2015-07-24,46.50759,-113.8444,"431.2015"
"432.2015-07-24",2.11433556552075,432,2015-07-24,46.50798,-113.84262,"432.2015"
"444.2015-07-24",3.18799438568467,444,2015-07-24,46.73114,-113.70055,"444.2015"
"445.2015-07-24",2.48876584098579,445,2015-07-24,46.73228,-113.70097,"445.2015"
"446.2015-07-24",2.58028163631575,446,2015-07-24,46.73322,-113.70151,"446.2015"
"447.2014-08-28",2.93676892898203,447,2014-08-28,46.61642,-113.63516,"447.2014"
"448.2014-08-28",2.90280248819767,448,2014-08-28,46.6153,-113.63059,"448.2014"
"449.2014-08-28",2.89917091864778,449,2014-08-28,46.61782,-113.63422,"449.2014"
"450.2014-08-28",2.73048756856016,450,2014-08-28,46.61702,-113.63814,"450.2014"
"459.2014-08-22",2.63324929841614,459,2014-08-22,46.82028,-113.91412,"459.2014"
"460.2014-08-07",2.85303446950087,460,2014-08-07,46.82284,-113.91335,"460.2014"
"461.2014-08-15",3.01746001419059,461,2014-08-15,46.819,-113.90859,"461.2014"
"462.2014-08-07",2.91295682484765,462,2014-08-07,46.82254,-113.91258,"462.2014"
"464.2014-08-12",2.75327588215191,464,2014-08-12,46.76073,-113.73788,"464.2014"
"465.2014-08-12",3.04309062184419,465,2014-08-12,46.76154,-113.73825,"465.2014"
"466.2014-08-12",2.79047728823985,466,2014-08-12,46.7605,-113.7393,"466.2014"
"467.2014-08-12",2.98374635540933,467,2014-08-12,46.76041,-113.73573,"467.2014"
"468.2014-08-12",2.81335257641036,468,2014-08-12,46.76163,-113.73489,"468.2014"
"473.2014-07-21",2.78324288688957,473,2014-07-21,46.57777,-113.92081,"473.2014"
"475.2015-07-30",2.91066960312592,475,2015-07-30,46.57814,-113.65923,"475.2015"
"476.2015-07-30",3.04183859045077,476,2015-07-30,46.58175,-113.66869,"476.2015"
"477.2015-07-30",3.06356960226129,477,2015-07-30,46.58088,-113.66564,"477.2015"
"481.2014-08-05",2.57170008313529,481,2014-08-05,46.73917,-113.98021,"481.2014"
"482.2014-08-05",3.00315757701784,482,2014-08-05,46.73969,-113.98071,"482.2014"
"483.2014-08-05",2.99795414413294,483,2014-08-05,46.73936,-113.98192,"483.2014"
"484.2014-08-05",2.80194110446153,484,2014-08-05,46.74014,-113.98495,"484.2014"
"485.2014-08-05",2.94672850268751,485,2014-08-05,46.74152,-113.9774,"485.2014"
"486.2015-08-18",2.98857903646588,486,2015-08-18,46.60152,-113.990417,"486.2015"
"488.2015-08-18",2.9473310510421,488,2015-08-18,46.60317,-113.9015,"488.2015"
"493.2015-08-18",2.81855355224315,493,2015-08-18,46.58965,-113.90775,"493.2015"
"495.2014-08-05",3.15971356486036,495,2014-08-05,46.74679,-113.98418,"495.2014"
"496.2014-08-05",2.74982457342217,496,2014-08-05,46.74615,-113.98574,"496.2014"
"497.2014-08-05",2.48891492951746,497,2014-08-05,46.74657,-113.98277,"497.2014"
"498.2014-07-31",2.69067342665256,498,2014-07-31,46.7472,-113.98119,"498.2014"
"499.2014-07-31",2.69814391816203,499,2014-07-31,46.74732,-113.97998,"499.2014"
"5.2014-07-17",2.31241881403644,5,2014-07-17,46.45097,-113.83656,"5.2014"
"505.2015-07-17",2.9817542610557,505,2015-07-17,46.53762,-113.89822,"505.2015"
"506.2015-07-17",2.60926949582404,506,2015-07-17,46.53889,-113.8961,"506.2015"
"507.2015-07-17",3.091945750314,507,2015-07-17,46.53764,-113.89694,"507.2015"
"508.2015-07-17",3.02917693160445,508,2015-07-17,46.53909,-113.90083,"508.2015"
"509.2014-08-26",1.91539558619822,509,2014-08-26,46.51624,-113.85493,"509.2014"
"511.2014-08-26",2.07131654531667,511,2014-08-26,46.51777,-113.85619,"511.2014"
"512.2014-08-26",2.27207756305399,512,2014-08-26,46.51742,-113.85475,"512.2014"
"513.2014-07-23",2.91969447713314,513,2014-07-23,46.54398,-113.91036,"513.2014"
"514.2014-07-23",2.97044145283813,514,2014-07-23,46.54458,-113.91607,"514.2014"
"516.2014-07-23",2.92893011338295,516,2014-07-23,46.5446,-113.91216,"516.2014"
"522.2015-08-28",2.78532748221747,522,2015-08-28,46.72833,-113.74938,"522.2015"
"523.2015-08-28",2.7120477256015,523,2015-08-28,46.72587,-113.74698,"523.2015"
"524.2015-08-28",2.80420188522593,524,2015-08-28,46.72834,-113.75127,"524.2015"
"525.2015-08-28",2.88153939086651,525,2015-08-28,46.72822,-113.75302,"525.2015"
"527.2014-08-06",2.91260204734035,527,2014-08-06,46.74827,-113.96684,"527.2014"
"528.2014-08-06",3.0333107637105,528,2014-08-06,46.74951,-113.96599,"528.2014"
"529.2014-08-06",2.99375563951278,529,2014-08-06,46.7507,-113.9675,"529.2014"
"530.2014-08-06",3.12660498909178,530,2014-08-06,46.74771,-113.96889,"530.2014"
"5325.2015-08-05",2.8246808055535,5325,2015-08-05,46.73476,-114.04418,"5325.2015"
"5326.2015-08-05",2.91607565694975,5326,2015-08-05,46.7313,-114.04746,"5326.2015"
"5340.2015-08-07",2.9045239273852,5340,2015-08-07,46.84105,-113.95497,"5340.2015"
"5344.2015-08-07",2.98108561375584,5344,2015-08-07,46.84121,-113.96618,"5344.2015"
"5364.2015-08-06",2.84077451859096,5364,2015-08-06,46.53951,-113.90578,"5364.2015"
"5367.2015-08-06",2.7799486439028,5367,2015-08-06,46.54042,-113.90758,"5367.2015"
"538.2015-08-21",2.5497735402138,538,2015-08-21,46.57748,-113.82243,"538.2015"
"539.2015-08-21",1.8510679264601,539,2015-08-21,46.57577,-113.82141,"539.2015"
"540.2015-08-21",2.43177943894691,540,2015-08-21,46.57821,-113.82389,"540.2015"
"541.2015-08-21",1.94395476407143,541,2015-08-21,46.57525,-113.82282,"541.2015"
"548.2015-07-27",2.76571927861717,548,2015-07-27,46.39939,-113.69759,"548.2015"
"550.2015-07-27",3.01303447900002,550,2015-07-27,46.40055,-113.70197,"550.2015"
"551.2015-07-28",2.80770405762645,551,2015-07-28,46.39515,-113.68675,"551.2015"
"552.2015-07-28",3.08175999350797,552,2015-07-28,46.39211,-113.68392,"552.2015"
"554.2015-07-28",2.47871995282503,554,2015-07-28,46.39322,-113.68607,"554.2015"
"567.2014-08-19",2.75160685420684,567,2014-08-19,46.69502,-113.79082,"567.2014"
"569.2014-08-19",2.99452833288259,569,2014-08-19,46.69308,-113.79242,"569.2014"
"570.2014-08-19",3.08683890854497,570,2014-08-19,46.69244,-113.79308,"570.2014"
"571.2014-08-19",3.07820943311795,571,2014-08-19,46.69403,-113.79182,"571.2014"
"573.2014-08-25",2.92947501604954,573,2014-08-25,46.71914,-113.9757,"573.2014"
"575.2014-08-25",2.76221373090038,575,2014-08-25,46.71821,-113.97449,"575.2014"
"577.2014-08-20",3.21007192238654,577,2014-08-20,46.70814,-113.90885,"577.2014"
"580.2014-08-20",2.98974921473598,580,2014-08-20,46.70451,-113.90204,"580.2014"
"581.2014-08-20",2.83870099854323,581,2014-08-20,46.7091,-113.90765,"581.2014"
"592.2014-08-21",3.10038734654254,592,2014-08-21,46.76399,-113.81277,"592.2014"
"593.2014-08-21",2.11317083974454,593,2014-08-21,46.76358,-113.81435,"593.2014"
"594.2014-08-21",2.77606278135831,594,2014-08-21,46.76436,-113.80945,"594.2014"
"595.2014-08-21",3.64285206863504,595,2014-08-21,46.76432,-113.80847,"595.2014"
"605.2014-08-18",3.01690978306917,605,2014-08-18,46.76273,-113.82808,"605.2014"
"606.2014-08-18",2.29363484995964,606,2014-08-18,46.7625,-113.82589,"606.2014"
"609.2014-08-18",2.16970158345159,609,2014-08-18,46.76238,-113.82884,"609.2014"
"613.2015-08-31",2.94145561852608,613,2015-08-31,46.39318,-113.89605,"613.2015"
"614.2015-08-31",2.88277217527196,614,2015-08-31,46.39439,-113.89897,"614.2015"
"616.2014-08-14",2.98798227416717,616,2014-08-14,46.60109,-113.85754,"616.2014"
"617.2014-08-13",3.13059954012199,617,2014-08-13,46.60125,-113.85363,"617.2014"
"618.2014-08-13",2.94335622345778,618,2014-08-13,46.59825,-113.85924,"618.2014"
"619.2014-08-13",2.70109010868105,619,2014-08-13,46.60167,-113.8606,"619.2014"
"620.2015-07-29",3.00938996729923,620,2015-07-29,46.43931,-113.74721,"620.2015"
"621.2015-07-29",2.89222104148409,621,2015-07-29,46.43592,-113.74487,"621.2015"
"623.2015-07-29",2.95927780332699,623,2015-07-29,46.43835,-113.74619,"623.2015"
"628.2015-07-20",2.95015863960266,628,2015-07-20,46.75603,-114.00861,"628.2015"
"629.2015-07-20",3.01466877620188,629,2015-07-20,46.7582,-114.00845,"629.2015"
"630.2015-07-20",2.8417473311182,630,2015-07-20,46.75541,-114.0089,"630.2015"
"631.2015-07-20",2.94194051200295,631,2015-07-20,46.75809,-114.01042,"631.2015"
"632.2014-08-25",3.01418791709539,632,2014-08-25,46.67671,-113.76788,"632.2014"
"633.2014-08-25",2.75038286719301,633,2014-08-25,46.67685,-113.76868,"633.2014"
"634.2014-08-25",2.08587261848965,634,2014-08-25,46.67739,-113.77011,"634.2014"
"635.2014-08-25",3.13720587683387,635,2014-08-25,46.67337,-113.76349,"635.2014"
"646.2014-08-15",2.79308773502797,646,2014-08-15,46.81871,-113.90606,"646.2014"
"648.2014-08-15",2.91440662837467,648,2014-08-15,46.81787,-113.90259,"648.2014"
"649.2014-08-15",2.79958807597013,649,2014-08-15,46.82209,-113.91245,"649.2014"
"658.2015-08-27",2.9096821584774,658,2015-08-27,46.46227,-113.91527,"658.2015"
"659.2015-08-27",2.92428927904977,659,2015-08-27,46.46587,-113.9144,"659.2015"
"66.2014-08-19",1.9398460628374,66,2014-08-19,46.72836,-113.8046,"66.2014"
"660.2015-08-27",2.79767828370329,660,2015-08-27,46.46275,-113.91473,"660.2015"
"671.2014-07-16",3.1369377586975,671,2014-07-16,46.46879,-113.90339,"671.2014"
"672.2014-07-15",3.10031456491677,672,2014-07-15,46.47178,-113.90588,"672.2014"
"673.2014-07-15",3.12462943833651,673,2014-07-15,46.47136,-113.90338,"673.2014"
"674.2014-07-16",3.19510593483024,674,2014-07-16,46.47029,-113.90378,"674.2014"
"675.2014-07-15",3.17034786467983,675,2014-07-15,46.47511,-113.90041,"675.2014"
"676.2014-07-15",3.07352086701218,676,2014-07-15,46.47388,-113.89763,"676.2014"
"677.2014-07-15",2.99259790623818,677,2014-07-15,46.47257,-113.89734,"677.2014"
"678.2014-07-15",3.14430696647642,678,2014-07-15,46.47577,-113.89534,"678.2014"
"68.2014-08-22",2.81891262521235,68,2014-08-22,46.72944,-113.80245,"68.2014"
"680.2015-08-07",2.90276497240545,680,2015-08-07,46.66162,-113.84113,"680.2015"
"681.2015-08-07",2.96210281893561,681,2015-08-07,46.47948,-113.90023,"681.2015"
"682.2015-07-15",2.96263446606656,682,2015-07-15,46.69076,-113.98753,"682.2015"
"683.2015-07-15",3.00410232240629,683,2015-07-15,46.69654,-113.98652,"683.2015"
"684.2015-07-15",3.06740893170998,684,2015-07-15,46.79721,-113.98616,"684.2015"
"685.2015-07-15",2.93860159702388,685,2015-07-15,46.69594,-113.987787,"685.2015"
"686.2015-07-15",3.01946311649164,686,2015-07-15,46.69015,-113.98923,"686.2015"
"69.2014-08-19",3.00901595375348,69,2014-08-19,46.73069,-113.79951,"69.2014"
"690.2015-08-25",2.82772787254453,690,2015-08-25,46.69543,-113.98164,"690.2015"
"691.2015-08-25",3.0015602373304,691,2015-08-25,46.69527,-113.9794,"691.2015"
"692.2015-08-25",2.93628038581993,692,2015-08-25,46.69859,-113.98097,"692.2015"
"693.2015-08-25",2.7909402889312,693,2015-08-25,46.6964,-113.97946,"693.2015"
"694.2015-08-25",2.93679535243041,694,2015-08-25,46.6974,-113.98276,"694.2015"
"695.2015-08-25",2.95684129148942,695,2015-08-25,46.70141,-113.99933,"695.2015"
"696.2015-08-25",2.83055925449886,696,2015-08-25,46.70232,-113.99872,"696.2015"
"697.2015-08-25",2.89692640568494,697,2015-08-25,46.69898,-113.99938,"697.2015"
"698.2015-08-25",2.98295847693414,698,2015-08-25,46.69907,-113.99992,"698.2015"
"699.2015-08-25",2.96617244497316,699,2015-08-25,46.69914,-114.0002,"699.2015"
"7.2014-07-17",1.98288514991106,7,2014-07-17,46.45158,-113.83524,"7.2014"
"70.2014-08-19",2.95737116489924,70,2014-08-19,46.73029,-113.80087,"70.2014"
"700.2014-07-28",2.9245854175633,700,2014-07-28,46.00791,-114.0382,"700.2014"
"701.2014-07-29",2.74377962278937,701,2014-07-29,46.00204,-114.03886,"701.2014"
"702.2014-07-29",2.90262028055768,702,2014-07-29,46.0072,-114.03786,"702.2014"
"703.2014-07-29",2.81776074654922,703,2014-07-29,46.00219,-114.0345,"703.2014"
"709.2014-07-30",2.98844024423284,709,2014-07-30,45.97632,-114.0332,"709.2014"
"71.2014-07-18",3.08331441175508,71,2014-07-18,46.47168,-113.90021,"71.2014"
"711.2014-07-30",2.72443110690528,711,2014-07-30,45.97599,-114.03381,"711.2014"
"712.2014-07-30",2.63382337673079,712,2014-07-30,45.97337,-114.03531,"712.2014"
"713.2014-07-29",2.82256933694995,713,2014-07-29,45.97512,-114.02995,"713.2014"
"719.2014-07-29",2.79954467677359,719,2014-07-29,46.00475,-114.03681,"719.2014"
"72.2014-07-16",3.19457023778449,72,2014-07-16,46.47109,-113.90275,"72.2014"
"720.2014-07-29",2.79872499804887,720,2014-07-29,45.99997,-114.03149,"720.2014"
"722.2014-07-29",2.75768026318089,722,2014-07-29,46.00112,-114.03711,"722.2014"
"723.2014-07-28",2.8214991401325,723,2014-07-28,46.00322,-114.02902,"723.2014"
"724.2015-08-12",2.78682483021454,724,2015-08-12,45.96105,-113.99289,"724.2015"
"725.2015-08-12",2.82588292791768,725,2015-08-12,45.96274,-113.99464,"725.2015"
"726.2015-08-12",3.09940882657114,726,2015-08-12,45.96098,-113.99016,"726.2015"
"727.2015-08-12",2.6843626643414,727,2015-08-12,45.96177,-113.99775,"727.2015"
"728.2015-08-12",2.92292559810091,728,2015-08-12,45.95926,-113.99715,"728.2015"
"73.2014-07-15",3.10543791829496,73,2014-07-15,46.47003,-113.90546,"73.2014"
"734.2014-08-27",2.79121445758219,734,2014-08-27,46.66298,-113.81784,"734.2014"
"736.2014-08-27",2.63840169113416,736,2014-08-27,46.66279,-113.81516,"736.2014"
"74.2014-07-16",3.1345387782725,74,2014-07-16,46.46745,-113.90321,"74.2014"
"75.2014-07-18",3.09115941318244,75,2014-07-18,46.47018,-113.89885,"75.2014"
"789.2014-08-21",2.76630880161323,789,2014-08-21,46.1199,-114.02909,"789.2014"
"790.2014-08-21",1.85331818780034,790,2014-08-21,46.11963,-114.02577,"790.2014"
"791.2014-08-21",2.52085057051053,791,2014-08-21,46.11875,-114.02837,"791.2014"
"793.2014-08-21",2.74254341402044,793,2014-08-21,46.11995,-114.02791,"793.2014"
"794.2014-07-31",2.74579575815867,794,2014-07-31,45.9603,-113.95188,"794.2014"
"795.2014-07-31",2.82492608193847,795,2014-07-31,45.95848,-113.95455,"795.2014"
"796.2014-07-31",2.55503930256744,796,2014-07-31,45.96429,-113.95483,"796.2014"
"797.2014-07-30",2.89042990816362,797,2014-07-30,45.96253,-113.95618,"797.2014"
"798.2014-07-30",2.75491578108779,798,2014-07-30,45.96472,-113.95681,"798.2014"
"799.2014-07-25",2.9133862122607,799,2014-07-25,46.67288,-113.85159,"799.2014"
"8.2014-08-29",2.2898926172509,8,2014-08-29,46.57524,-113.82969,"8.2014"
"800.2014-07-25",2.65188459907603,800,2014-07-25,46.67424,-113.85197,"800.2014"
"802.2014-07-25",2.58209755426575,802,2014-07-25,46.67451,-113.85398,"802.2014"
"824.2015-08-12",3.15408952727024,824,2015-08-12,45.86584,-114.06641,"824.2015"
"825.2015-08-12",2.9204241202517,825,2015-08-12,45.86891,-114.06466,"825.2015"
"826.2015-08-12",3.08901914594671,826,2015-08-12,45.86853,-114.0713,"826.2015"
"827.2015-08-12",2.79278529479813,827,2015-08-12,45.86814,-114.06842,"827.2015"
"828.2015-08-12",2.83421395677726,828,2015-08-12,45.87001,-114.07207,"828.2015"
"844.2014-07-24",2.92954618339188,844,2014-07-24,46.68078,-113.84947,"844.2014"
"845.2014-07-24",1.73794417821599,845,2014-07-24,46.67574,-113.84538,"845.2014"
"846.2014-07-24",2.89196060254272,846,2014-07-24,46.67968,-113.84648,"846.2014"
"847.2014-07-24",3.17660749279754,847,2014-07-24,46.67391,-113.84928,"847.2014"
"848.2014-07-24",2.80566317892951,848,2014-07-24,46.67801,-113.84769,"848.2014"
"864.2014-08-07",2.4928369008436,864,2014-08-07,45.51828,-114.27199,"864.2014"
"865.2014-08-07",2.51932751640549,865,2014-08-07,45.51844,-114.27027,"865.2014"
"866.2014-08-07",2.28969056741875,866,2014-08-07,45.51993,-114.26964,"866.2014"
"868.2014-08-07",2.5312620966085,868,2014-08-07,45.5177,-114.27084,"868.2014"
"869.2014-08-06",3.11594591976376,869,2014-08-06,45.5062,-114.29494,"869.2014"
"871.2014-08-06",2.92422920832944,871,2014-08-06,45.50696,-114.29214,"871.2014"
"872.2014-08-06",3.06823989111548,872,2014-08-06,45.50668,-114.29417,"872.2014"
"873.2014-08-06",3.00478157122752,873,2014-08-06,45.50997,-114.29215,"873.2014"
"874.2014-08-05",3.02232457040528,874,2014-08-05,45.535,-114.27717,"874.2014"
"875.2014-08-05",3.0666766583298,875,2014-08-05,45.53924,-114.27872,"875.2014"
"876.2014-08-05",2.97603530923407,876,2014-08-05,45.53409,-114.27755,"876.2014"
"877.2014-08-05",2.97053456463721,877,2014-08-05,45.53487,-114.27888,"877.2014"
"878.2014-08-05",2.28969056741875,878,2014-08-05,45.53849,-114.27773,"878.2014"
"880.2015-08-10",2.74902332182157,880,2015-08-10,45.50676,-114.47188,"880.2015"
"881.2015-08-10",2.9371323420257,881,2015-08-10,45.50957,-114.47127,"881.2015"
"882.2015-08-10",2.663176124102,882,2015-08-10,45.51002,-114.47165,"882.2015"
"883.2015-08-10",2.81029395475153,883,2015-08-10,45.50615,-114.47071,"883.2015"
"884.2015-08-14",2.61727357955656,884,2015-08-14,46.25985,-113.7969,"884.2015"
"885.2015-08-13",2.80808924996126,885,2015-08-13,46.25591,-113.80064,"885.2015"
"886.2015-08-14",2.68529398336565,886,2015-08-14,46.26096,-113.8037,"886.2015"
"887.2015-08-14",2.96771767112461,887,2015-08-14,46.26071,-113.80275,"887.2015"
"888.2015-08-13",2.22887849262405,888,2015-08-13,46.25534,-113.80052,"888.2015"
"889.2014-08-14",2.77327795208251,889,2014-08-14,46.32203,-114.23936,"889.2014"
"891.2014-08-14",2.49189501065496,891,2014-08-14,46.32191,-114.24082,"891.2014"
"892.2014-08-14",2.83881943739895,892,2014-08-14,46.3197,-114.2416,"892.2014"
"894.2014-08-15",2.89619255605228,894,2014-08-15,46.32518,-114.25037,"894.2014"
"896.2014-08-15",1.87011121751047,896,2014-08-15,46.32701,-114.24855,"896.2014"
"898.2014-08-15",2.91370545751936,898,2014-08-15,46.32578,-114.2494,"898.2014"
"907.2015-08-13",2.53344808998297,907,2015-08-13,46.24067,-113.84244,"907.2015"
"908.2015-08-13",2.68542427040591,908,2015-08-13,46.24282,-113.84296,"908.2015"
"909.2015-08-13",2.29586631889711,909,2015-08-13,46.24371,-113.84347,"909.2015"
"91.2015-07-20",2.63395282342704,91,2015-07-20,46.75959,-114.00965,"91.2015"
"911.2015-08-13",2.62447241045375,911,2015-08-13,46.24444,-113.84091,"911.2015"
"912.2014-08-04",2.95795870087124,912,2014-08-04,45.53302,-114.35481,"912.2014"
"913.2014-08-04",2.97847003548448,913,2014-08-04,45.52856,-114.35652,"913.2014"
"914.2014-08-04",2.6866001975588,914,2014-08-04,45.53152,-114.35424,"914.2014"
"916.2014-08-04",3.03317747125558,916,2014-08-04,45.53012,-114.35418,"916.2014"
"917.2015-08-10",2.7280664701671,917,2015-08-10,45.55156,-114.36772,"917.2015"
"918.2015-08-10",2.38452866872012,918,2015-08-10,45.55122,-114.36885,"918.2015"
"919.2015-08-10",2.52933288258276,919,2015-08-10,45.55272,-114.36653,"919.2015"
"92.2015-07-20",2.84810745014236,92,2015-07-20,46.76003,-114.01147,"92.2015"
"920.2015-08-10",2.58108264684994,920,2015-08-10,45.55212,-114.36637,"920.2015"
"93.2015-07-20",2.99234729776725,93,2015-07-20,46.75769,-114.00597,"93.2015"
"931.2014-07-16",2.9691710392291,931,2014-07-16,46.77409,-114.21039,"931.2014"
"933.2014-07-16",3.07787842544012,933,2014-07-16,46.77056,-114.21252,"933.2014"
"934.2014-07-16",3.10473452886361,934,2014-07-16,46.77007,-114.21509,"934.2014"
"935.2014-07-16",3.06818262707519,935,2014-07-16,46.76886,-114.21172,"935.2014"
"94.2015-07-20",2.9849204499358,94,2015-07-20,46.75998,-114.00498,"94.2015"
"95.2015-07-20",2.8114554946153,95,2015-07-20,46.76011,-114.00355,"95.2015"
"950.2014-08-01",2.8771973552108,950,2014-08-01,46.71062,-114.03927,"950.2014"
"951.2014-08-20",2.795954815554,951,2014-08-20,46.68518,-114.03336,"951.2014"
"952.2014-08-18",3.22387630368204,952,2014-08-18,46.67215,-114.01369,"952.2014"
"953.2014-08-08",2.52357435887231,953,2014-08-08,46.67406,-114.02348,"953.2014"
"954.2014-08-07",2.9021289777743,954,2014-08-07,46.68086,-114.02947,"954.2014"
"955.2014-08-18",2.92143858823293,955,2014-08-18,46.68067,-114.02991,"955.2014"
"956.2014-08-08",2.94194624067903,956,2014-08-08,46.68763,-114.03329,"956.2014"
"957.2014-08-08",3.28916514753536,957,2014-08-08,46.68937,-114.03595,"957.2014"
"958.2014-08-20",3.38040124547281,958,2014-08-20,46.67247,-114.02587,"958.2014"
"959.2014-08-22",3.06089055413173,959,2014-08-22,46.68652,-114.03611,"959.2014"
"960.2014-08-22",3.06089055413173,960,2014-08-22,46.68537,-114.03608,"960.2014"
"961.2014-08-20",3.27793811350638,961,2014-08-20,46.67225,-114.02493,"961.2014"
"290.2014-08-14",0,290,2014-08-14,46.58047,-114.06964,"290.2014"
"292.2014-08-14",0,292,2014-08-14,46.58041,-114.06763,"292.2014"
"608.2014-08-18",0,608,2014-08-18,46.76194,-113.82991,"608.2014"
