"PlotVisit","DE","PlotID","Date","Latitude","Longitude"
"10.2014-08-29",2.50946869958853,10,2014-08-29,46.57791,-113.82738
"1016.2015-08-26",2.86115431722746,1016,2015-08-26,46.45785,-113.76855
"1017.2015-08-26",2.79683773289576,1017,2015-08-26,46.45856,-113.76639
"1018.2015-08-26",2.88179744279025,1018,2015-08-26,46.457755,-113.7694
"1019.2015-08-26",2.59505823202585,1019,2015-08-26,46.45834,-113.76865
"1020.2015-08-26",2.62122894956285,1020,2015-08-26,46.45783,-113.76779
"1022.2015-07-28",3.01345977238773,1022,2015-07-28,46.41864,-113.69937
"1023.2015-07-28",3.00955406272771,1023,2015-07-28,46.41848,-113.70033
"1026.2015-07-29",2.33450826138903,1026,2015-07-29,46.45065,-113.6879
"1028.2015-07-29",2.08869447264793,1028,2015-07-29,46.45114,-113.68591
"1034.2015-07-28",2.98609766630718,1034,2015-07-28,46.50418,-113.74872
"1035.2015-07-28",2.86421789441643,1035,2015-07-28,46.5065,-113.75257
"1036.2015-07-17",3.03325813809195,1036,2015-07-17,46.55299,-113.8561
"1037.2015-07-17",3.10514931454012,1037,2015-07-17,46.55295,-113.8577
"1038.2015-07-17",2.92406672726016,1038,2015-07-17,46.55197,-113.85443
"1039.2015-07-17",2.86350263505902,1039,2015-07-17,46.5524,-113.85568
"1040.2015-07-17",3.07035086024462,1040,2015-07-17,46.55205,-113.85761
"1041.2015-08-13",3.0638275518926,1041,2015-08-13,46.16954,-113.95236
"1042.2015-08-13",2.91308860504451,1042,2015-08-13,46.17253,-113.95476
"1043.2015-08-13",3.00755252150814,1043,2015-08-13,46.17142,-113.95269
"1044.2015-08-13",2.91392281149742,1044,2015-08-13,46.17376,-113.95651
"1045.2015-08-13",3.05321866377365,1045,2015-08-13,46.17096,-113.95475
"1046.2015-08-04",1.82525874393225,1046,2015-08-04,46.43477,-113.8822
"1047.2015-08-04",2.82099292203176,1047,2015-08-04,46.43317,-113.88142
"1048.2015-08-04",1.84744001935798,1048,2015-08-04,46.43445,-113.87841
"1049.2015-08-04",1.88461539328645,1049,2015-08-04,46.43217,-113.87627
"1051.2015-08-24",3.13650895073075,1051,2015-08-24,46.73847,-113.74313
"1052.2015-08-24",2.79206038828582,1052,2015-08-24,46.73826,-113.74399
"1053.2015-08-24",2.92609353281483,1053,2015-08-24,46.73917,-113.74344
"1055.2015-08-24",2.81763654798822,1055,2015-08-24,46.73906,-113.74414
"1057.2015-07-27",1.85016224016108,1057,2015-07-27,46.41428,-113.6487
"1059.2015-07-27",2.0395758926119,1059,2015-07-27,46.41322,-113.65273
"106.2014-08-22",2.92282551147045,106,2014-08-22,46.69669,-113.75302
"1061.2015-07-29",1.93994969254433,1061,2015-07-29,46.44749,-113.68022
"1063.2015-07-29",1.820186822621,1063,2015-07-29,46.4474,-113.67847
"1065.2015-07-29",1.81422377825883,1065,2015-07-29,46.44672,-113.67832
"1071.2015-08-26",2.99076092621776,1071,2015-08-26,46.46227,-113.76657
"1072.2015-08-26",2.84806973836667,1072,2015-08-26,46.45983,-113.76781
"1073.2015-08-26",2.70753716353287,1073,2015-08-26,46.45919,-113.76843
"1074.2015-08-26",2.77255469354432,1074,2015-08-26,46.46082,-113.76708
"1075.2015-08-26",2.94917448824135,1075,2015-08-26,46.46345,-113.76576
"1076.2015-07-30",1.99981594879376,1076,2015-07-30,46.51913,-113.72901
"1078.2015-07-30",2.21392143176945,1078,2015-07-30,46.51959,-113.72647
"1079.2015-07-30",2.15423739165774,1079,2015-07-30,46.52,-113.72807
"108.2014-08-22",2.73201459513839,108,2014-08-22,46.69677,-113.75497
"1080.2015-07-30",2.0519883399867,1080,2015-07-30,46.51945,-113.72504
"1081.2015-07-28",2.87028781684308,1081,2015-07-28,46.50681,-113.75902
"1082.2015-07-28",3.18103297530321,1082,2015-07-28,46.50572,-113.75485
"1083.2015-07-28",2.87809932749989,1083,2015-07-28,46.5064,-113.75729
"1084.2015-07-28",2.95094784363619,1084,2015-07-28,46.50706,-113.75525
"1085.2015-07-28",3.01249922065657,1085,2015-07-28,46.50443,-113.75744
"1086.2015-08-03",2.85680367209814,1086,2015-08-03,46.76756,-113.72868
"1087.2015-08-03",2.8020562543083,1087,2015-08-03,46.76617,-113.72401
"1088.2015-08-03",2.96746283112006,1088,2015-08-03,46.76758,-113.72476
"1089.2015-08-03",2.91206342721619,1089,2015-08-03,46.76721,-113.72686
"109.2014-08-22",2.60726218752228,109,2014-08-22,46.69764,-113.75593
"1090.2015-08-03",2.98701584879034,1090,2015-08-03,46.76882,-113.72728
"1091.2015-08-07",2.85341797388623,1091,2015-08-07,46.77219,-113.73559
"1092.2015-08-07",2.7954656906354,1092,2015-08-07,46.77132,-113.73527
"1093.2015-08-07",2.90943235890983,1093,2015-08-07,46.77135,-113.73388
"1094.2015-08-07",2.84292438548027,1094,2015-08-07,46.77153,-113.73269
"1095.2015-08-07",2.95977162750202,1095,2015-08-07,46.76889,-113.73139
"1096.2015-08-11",2.98311816098925,1096,2015-08-11,45.81474,-114.27979
"1097.2015-08-11",2.93267903934312,1097,2015-08-11,45.81618,-114.28146
"1098.2015-08-11",3.05037608679991,1098,2015-08-11,45.81254,-114.27837
"1099.2015-08-11",3.0704801275856,1099,2015-08-11,45.81361,-114.28311
"11.2014-08-29",2.55818211609251,11,2014-08-29,46.57806,-113.83122
"1100.2015-08-11",2.89882008816306,1100,2015-08-11,45.81101,-114.28016
"1101.2015-08-11",2.85318809699512,1101,2015-08-11,45.81963,-114.27502
"1102.2015-08-11",2.74388027004507,1102,2015-08-11,45.82174,-114.27261
"1103.2015-08-11",2.94818219984522,1103,2015-08-11,45.81951,-114.26773
"1104.2015-08-11",2.82761299743854,1104,2015-08-11,45.82141,-114.27317
"1105.2015-08-11",2.81633522136465,1105,2015-08-11,45.82006,-114.27076
"12.2014-08-29",2.44092475931545,12,2014-08-29,46.57597,-113.83202
"1200.2015-07-16",2.82432580920269,1200,2015-07-16,46.67586,-114.00526
"1201.2015-07-16",2.75517312735512,1201,2015-07-16,46.67507,-114.00693
"1202.2015-07-16",2.94893354772504,1202,2015-07-16,46.69481,-114.02106
"1203.2015-07-16",2.73856747834128,1203,2015-07-16,46.69595,-114.02146
"1204.2015-07-16",2.95730451456868,1204,2015-07-16,46.69637,-114.02289
"1205.2015-07-16",2.94672590322571,1205,2015-07-16,46.6951,-114.02276
"1206.2015-07-16",2.88342142442674,1206,2015-07-16,46.69736,-114.02206
"1207.2015-07-31",2.79139192807523,1207,2015-07-31,46.70684,-114.03217
"1208.2015-07-31",2.76550786980617,1208,2015-07-31,46.7061,-114.03335
"1209.2015-07-31",2.86800044510378,1209,2015-07-31,46.70509,-114.03422
"1210.2015-08-27",2.84632548240773,1210,2015-08-27,46.70617,-114.03466
"1211.2015-08-27",2.8444204070355,1211,2015-08-27,46.70494,-114.03242
"1212.2015-07-21",2.90943561604245,1212,2015-07-21,46.48051,-113.94422
"1213.2015-07-21",2.84976052270665,1213,2015-07-21,46.47941,-113.94303
"1214.2015-07-21",2.86617302313082,1214,2015-07-21,46.48006,-113.94714
"1215.2015-07-21",2.95358257809907,1215,2015-07-21,46.47782,-113.94644
"1216.2015-07-21",2.94274232201313,1216,2015-07-21,46.47841,-113.94465
"1217.2015-07-31",2.80802048034972,1217,2015-07-31,46.48507,-113.94688
"1218.2015-07-31",2.89134832175869,1218,2015-07-31,46.48972,-113.94481
"1219.2015-07-31",2.82343419876152,1219,2015-07-31,46.48823,-113.94223
"122.2015-07-22",2.53097627804927,122,2015-07-22,46.71025,-113.89076
"1220.2015-07-31",2.86973440945189,1220,2015-07-31,46.48859,-113.94427
"1221.2015-07-31",2.93455562300532,1221,2015-07-31,46.48534,-113.94415
"1227.2015-07-22",2.85713404707414,1227,2015-07-22,46.71213,-114.03623
"1228.2015-07-22",2.81841348054248,1228,2015-07-22,46.71537,-114.03191
"1229.2015-07-22",2.89526509738773,1229,2015-07-22,46.71447,-114.03476
"123.2015-07-22",2.94631767616643,123,2015-07-22,46.70776,-113.89333
"1230.2015-07-22",2.8178555927899,1230,2015-07-22,46.71962,-114.03295
"1231.2015-07-22",2.54623985950164,1231,2015-07-22,46.72213,-114.03445
"124.2015-07-22",2.71075153057506,124,2015-07-22,46.7101,-113.88985
"1241.2015-08-05",2.96828943804034,1241,2015-08-05,46.68063,-114.03706
"1242.2015-08-05",2.97212841076426,1242,2015-08-05,46.68016,-114.03416
"1243.2015-08-05",3.22640369456587,1243,2015-08-05,46.68143,-114.03297
"1245.2015-08-31",2.94136967847025,1245,2015-08-31,46.57967,-113.96089
"1246.2015-08-31",2.94358546760173,1246,2015-08-31,46.57936,-113.95898
"1247.2015-08-24",3.05819907459606,1247,2015-08-24,46.59946,-113.93914
"1248.2015-08-24",2.96177636739331,1248,2015-08-24,46.59611,-113.9437
"1249.2015-08-24",3.02663275609866,1249,2015-08-24,46.60378,-113.93877
"125.2015-07-22",2.59957724536593,125,2015-07-22,46.70846,-113.89109
"1250.2015-08-24",3.12796015547299,1250,2015-08-24,46.59833,-113.94372
"1251.2015-08-24",3.11519576326428,1251,2015-08-24,46.60011,-113.94244
"1252.2015-08-31",3.23315398700352,1252,2015-08-31,46.5778,-113.96169
"1254.2015-08-03",3.01773177850339,1254,2015-08-03,46.54859,-113.95792
"1256.2015-08-03",2.98613571786829,1256,2015-08-03,46.5468,-113.95878
"1257.2015-08-03",3.06995425315207,1257,2015-08-03,46.54859,-113.96088
"1258.2015-08-27",3.16525639253237,1258,2015-08-27,46.59108,-113.94801
"1259.2015-08-27",2.94045565935519,1259,2015-08-27,46.59225,-113.95035
"1260.2015-08-17",3.1245224870121,1260,2015-08-17,46.46897,-113.94883
"1261.2015-08-17",3.09508797373196,1261,2015-08-17,46.46987,-113.94937
"1262.2015-08-17",3.15689890955001,1262,2015-08-17,46.46938,-113.94449
"1263.2015-08-17",3.1878784586716,1263,2015-08-17,46.47165,-113.95267
"1264.2015-08-17",3.13509779778474,1264,2015-08-17,46.46817,-113.94474
"1265.2015-08-27",3.07660983898677,1265,2015-08-27,46.47218,-113.95188
"1266.2015-08-27",3.06358794661671,1266,2015-08-27,46.47161,-113.95116
"1267.2015-08-27",3.10015519172948,1267,2015-08-27,46.46828,-113.94315
"1268.2015-08-31",3.1458429833319,1268,2015-08-31,46.4694,-113.94531
"1269.2015-08-31",3.11408059198663,1269,2015-08-31,46.4664,-113.94285
"131.2015-08-20",2.95454102314768,131,2015-08-20,46.44442,-113.9044
"132.2015-08-20",3.10398268236518,132,2015-08-20,46.43963,-113.91031
"133.2015-08-20",2.92366435911072,133,2015-08-20,46.44043,-113.90961
"134.2015-08-20",3.02892307785017,134,2015-08-20,46.44423,-113.90306
"135.2015-08-20",2.97425429458756,135,2015-08-20,46.44241,-113.90115
"141.2014-08-20",2.9264311218243,141,2014-08-20,46.72977,-113.76678
"144.2014-08-20",2.77400265929783,144,2014-08-20,46.73064,-113.76451
"145.2014-08-20",2.70604686870713,145,2014-08-20,46.72842,-113.76938
"146.2014-07-22",2.93575844381605,146,2014-07-22,46.82685,-113.92958
"147.2014-07-16",2.98940094073515,147,2014-07-16,46.82719,-113.92465
"148.2014-07-22",3.11929610147137,148,2014-07-22,46.82853,-113.93294
"149.2014-07-22",3.1877754067719,149,2014-07-22,46.82486,-113.93153
"150.2014-07-22",2.95061441767055,150,2014-07-22,46.83824,-113.92753
"151.2015-08-18",2.96451815778732,151,2015-08-18,46.60257,-113.90403
"153.2015-08-18",3.14979301531689,153,2015-08-18,46.60326,-113.90753
"154.2015-08-18",2.86322962450898,154,2015-08-18,46.60359,-113.90408
"16.2015-07-23",1.83253265779927,16,2015-07-23,46.46618,-113.84541
"161.2014-08-04",3.00413683738442,161,2014-08-04,46.82724,-113.94535
"162.2014-08-04",2.77441088983825,162,2014-08-04,46.82912,-113.94309
"164.2014-08-04",2.92926077257759,164,2014-08-04,46.83067,-113.94137
"165.2014-08-04",3.02886664995201,165,2014-08-04,46.82622,-113.94515
"17.2015-07-23",1.87975187815339,17,2015-07-23,46.46541,-113.84467
"171.2014-08-22",2.95906873884841,171,2014-08-22,46.764,-113.72813
"172.2014-08-12",3.06180785713305,172,2014-08-12,46.76244,-113.73286
"173.2014-08-22",2.99588416948214,173,2014-08-22,46.76221,-113.72764
"174.2014-08-12",3.1019784290831,174,2014-08-12,46.76221,-113.73434
"175.2014-08-22",2.97766356911537,175,2014-08-22,46.75914,-113.73231
"176.2015-08-18",3.05718061790966,176,2015-08-18,46.85037,-113.89031
"179.2015-08-18",3.11527216557455,179,2015-08-18,46.85001,-113.89094
"18.2015-07-23",1.84988100472244,18,2015-07-23,46.46559,-113.84296
"19.2015-07-23",1.89761461257474,19,2015-07-23,46.46484,-113.844
"191.2015-08-04",1.94015477576795,191,2015-08-04,46.50952,-113.85642
"192.2015-08-04",1.85400732298896,192,2015-08-04,46.51348,-113.86186
"193.2015-08-04",1.93369271709526,193,2015-08-04,46.50922,-113.85912
"194.2015-08-03",1.88193451407262,194,2015-08-03,46.51368,-113.85712
"195.2015-08-04",2.10973329700768,195,2015-08-04,46.51026,-113.85789
"20.2015-07-21",2.41884168574947,20,2015-07-21,46.75143,-113.88459
"206.2014-08-26",1.82510232581316,206,2014-08-26,46.76406,-113.88225
"207.2014-08-26",2.28182284146071,207,2014-08-26,46.75041,-113.88361
"208.2014-08-26",2.02847052172286,208,2014-08-26,46.76282,-113.88194
"209.2014-08-26",2.30422749251339,209,2014-08-26,46.76299,-113.87981
"21.2015-07-21",3.13123914998681,21,2015-07-21,46.74842,-113.88261
"210.2014-08-26",1.82525874393225,210,2014-08-26,46.75955,-113.88116
"216.2015-08-03",3.05415968867082,216,2015-08-03,46.71538,-113.74931
"217.2015-08-03",2.59950093882599,217,2015-08-03,46.71454,-113.74426
"218.2015-08-03",2.0192638812039,218,2015-08-03,46.71438,-113.7466
"22.2015-07-21",2.48594349165577,22,2015-07-21,46.75237,-113.88403
"220.2015-08-03",2.65995595380891,220,2015-08-03,46.71367,-113.74107
"221.2015-08-28",2.11274453449932,221,2015-08-28,46.64315,-113.76135
"222.2015-08-28",2.27146815479534,222,2015-08-28,46.64297,-113.76458
"223.2015-08-28",2.35294914112597,223,2015-08-28,46.64416,-113.76387
"224.2015-08-28",2.33208103130704,224,2015-08-28,46.64323,-113.76298
"231.2015-08-19",2.12854015191976,231,2015-08-19,46.32373,-113.89344
"232.2015-08-19",2.53026698751444,232,2015-08-19,46.32465,-113.88433
"233.2015-08-19",2.00654480818285,233,2015-08-19,46.32622,-113.88708
"234.2015-08-19",1.97336987185883,234,2015-08-19,46.3257,-113.89254
"235.2015-08-19",2.2924484196373,235,2015-08-19,46.32475,-113.89033
"237.2014-08-29",1.77310849410561,237,2014-08-29,46.2986,-113.8753
"238.2014-08-29",2.34485120204025,238,2014-08-29,46.3009,-113.87283
"239.2014-08-29",1.88817956500422,239,2014-08-29,46.29751,-113.87439
"24.2015-07-21",2.50340333269006,24,2015-07-21,46.74804,-113.88482
"240.2014-08-29",2.3135437960614,240,2014-08-29,46.29958,-113.87552
"244.2014-07-24",1.91876431670555,244,2014-07-24,46.53373,-113.84006
"245.2014-07-24",1.74906938256549,245,2014-07-24,46.5352,-113.83706
"246.2014-07-24",1.86940911911139,246,2014-07-24,46.53429,-113.83549
"25.2014-08-28",2.1431140813086,25,2014-08-28,46.75571,-113.84053
"26.2014-08-28",2.3759659145937,26,2014-08-28,46.75592,-113.84168
"265.2014-07-24",1.82376508343603,265,2014-07-24,46.53503,-113.83635
"266.2014-07-24",1.83851253058377,266,2014-07-24,46.53437,-113.83934
"267.2014-07-24",2.08528326289613,267,2014-07-24,46.53641,-113.84325
"268.2014-07-29",2.66245919709802,268,2014-07-29,46.53565,-113.83601
"269.2014-07-29",1.92427178026188,269,2014-07-29,46.53553,-113.83736
"27.2014-08-28",2.33738073351727,27,2014-08-28,46.75481,-113.84254
"270.2015-08-06",2.35835179153908,270,2015-08-06,46.43407,-113.88264
"279.2015-08-31",3.07965013175184,279,2015-08-31,46.71571,-114.05119
"28.2014-08-28",2.11561946754341,28,2014-08-28,46.75267,-113.84751
"280.2015-08-31",3.0356582369718,280,2015-08-31,46.71033,-114.04875
"281.2015-08-21",2.72516791301198,281,2015-08-21,46.70929,-114.04823
"282.2015-08-21",3.15869365126928,282,2015-08-21,46.71202,-114.05093
"283.2015-08-21",2.94604642609533,283,2015-08-21,46.71463,-114.05174
"284.2015-07-16",2.9823126456679,284,2015-07-16,46.67134,-114.04623
"285.2015-07-16",2.95118680395573,285,2015-07-16,46.67068,-114.04744
"286.2015-08-17",3.13430749809845,286,2015-08-17,46.56088,-114.09387
"287.2015-08-17",2.96938350375928,287,2015-08-17,46.55975,-114.09467
"288.2015-08-17",3.08217270656159,288,2015-08-17,46.56188,-114.09169
"289.2015-08-17",3.31684914982505,289,2015-08-17,46.56226,-114.08987
"29.2014-08-28",2.64916796073874,29,2014-08-28,46.75507,-113.84368
"291.2014-08-14",2.51363423561238,291,2014-08-14,46.56311,-114.09344
"293.2015-08-17",3.17226199794707,293,2015-08-17,46.57625,-114.06801
"294.2014-08-14",2.75422894043617,294,2014-08-14,46.56623,-114.08849
"300.2014-07-17",2.98055106625732,300,2014-07-17,46.85456,-113.88437
"301.2014-07-17",2.93911970918188,301,2014-07-17,46.85576,-113.88226
"302.2014-07-22",2.93395484770137,302,2014-07-22,46.85487,-113.88049
"303.2014-07-17",2.86543218003189,303,2014-07-17,46.85896,-113.8836
"304.2014-07-17",2.77228219170267,304,2014-07-17,46.85752,-113.88326
"305.2014-08-04",2.95137638532504,305,2014-08-04,46.81895,-114.01316
"306.2014-08-04",3.00393925509636,306,2014-08-04,46.81926,-114.00811
"307.2014-08-04",2.63799249522505,307,2014-08-04,46.8189,-114.00503
"308.2014-08-04",2.68906715510399,308,2014-08-04,46.81803,-114.00515
"309.2014-08-04",2.88380479709571,309,2014-08-04,46.81756,-114.01095
"310.2014-08-11",2.95080478219709,310,2014-08-11,46.74095,-114.03402
"311.2014-08-11",2.69284820798928,311,2014-08-11,46.74438,-114.03027
"312.2014-08-11",2.97266296848684,312,2014-08-11,46.74489,-114.03087
"313.2014-08-11",2.82666966078653,313,2014-08-11,46.73975,-114.03489
"314.2014-08-11",2.4980579757608,314,2014-08-11,46.73979,-114.03214
"315.2014-08-25",2.58279444197693,315,2014-08-25,46.60107,-113.93311
"316.2014-08-25",2.71930940022096,316,2014-08-25,46.60118,-113.93414
"318.2014-08-25",2.9032446935728,318,2014-08-25,46.60221,-113.93151
"319.2014-08-25",2.72662293130739,319,2014-08-25,46.60287,-113.93461
"322.2014-06-09",2.97831114415368,322,2014-06-09,46.55935,-113.93347
"322.2014-06-30",2.96641882778,322,2014-06-30,46.55931,-113.93343
"322.2014-09-04",2.90774295539257,322,2014-09-04,46.55929,-113.93347
"323.2014-06-09",2.78220416368284,323,2014-06-09,46.56231,-113.93115
"323.2014-06-30",2.9645103016976,323,2014-06-30,46.56235,-113.93132
"323.2014-09-04",2.8162656410501,323,2014-09-04,46.56236,-113.93118
"325.2014-05-27",3.0584481769174,325,2014-05-27,46.73416,-114.04424
"325.2014-06-16",2.7886674195097,325,2014-06-16,46.7341,-114.0443
"325.2014-07-10",2.51472254565861,325,2014-07-10,46.73384,-114.04421
"325.2014-08-12",2.72784900205432,325,2014-08-12,46.73423,-114.0443
"325.2014-09-03",2.58253090832538,325,2014-09-03,46.7342,-114.04419
"325.2014-09-22",2.60726272939828,325,2014-09-22,46.73427,-114.04416
"325.2015-05-25",3.10511511872479,325,2015-05-25,46.73433,-114.0443
"325.2015-06-15",2.94171947787721,325,2015-06-15,46.73513,-114.04433
"325.2015-07-06",2.8525336858056,325,2015-07-06,46.73444,-114.04447
"325.2015-08-05",2.8044614385589,325,2015-08-05,46.73476,-114.04418
"325.2015-09-11",2.84557153624568,325,2015-09-11,46.73437,-114.04459
"325.2015-09-23",2.9066393258728,325,2015-09-23,46.73497,-114.04446
"326.2014-05-20",2.93712046706446,326,2014-05-20,46.73136,-114.04718
"326.2014-06-16",2.85400913984331,326,2014-06-16,46.73125,-114.04698
"326.2014-07-10",2.91958008625031,326,2014-07-10,46.73114,-114.04684
"326.2014-08-12",2.9232214248889,326,2014-08-12,46.73131,-114.04638
"326.2014-09-03",2.88741329593862,326,2014-09-03,46.73128,-114.04642
"326.2014-09-22",2.89730340524502,326,2014-09-22,46.73129,-114.04602
"326.2015-05-25",2.95112276865757,326,2015-05-25,46.73878,-114.04847
"326.2015-06-15",2.9360003096666,326,2015-06-15,46.73121,-114.04745
"326.2015-07-06",2.86375439629236,326,2015-07-06,46.73127,-114.04739
"326.2015-08-05",2.91607565694975,326,2015-08-05,46.7313,-114.04746
"326.2015-09-11",2.89737250564362,326,2015-09-11,46.73127,-114.04668
"326.2015-09-23",2.89473941696929,326,2015-09-23,46.73131,-114.0463
"327.2014-08-12",2.44920089351758,327,2014-08-12,46.73249,-114.04685
"328.2014-08-12",2.49679721214889,328,2014-08-12,46.73017,-114.0434
"329.2014-08-12",2.65121882449975,329,2014-08-12,46.73307,-114.04445
"330.2014-07-23",2.52254374540919,330,2014-07-23,46.67785,-113.9848
"331.2014-07-21",2.49709610390011,331,2014-07-21,46.67797,-113.99229
"332.2014-07-23",2.95451063630045,332,2014-07-23,46.67725,-113.9901
"333.2014-07-23",2.60365854458461,333,2014-07-23,46.67916,-113.99017
"334.2014-07-23",2.83428018395906,334,2014-07-23,46.67994,-113.98594
"335.2014-07-21",2.54816169666792,335,2014-07-21,46.58601,-113.91708
"336.2014-07-21",2.79819956042825,336,2014-07-21,46.58572,-113.91917
"337.2014-07-21",2.7988176622355,337,2014-07-21,46.58648,-113.92349
"338.2014-07-21",2.74465078712152,338,2014-07-21,46.58517,-113.91833
"339.2014-07-21",2.94686563365382,339,2014-07-21,46.58248,-113.91828
"340.2014-05-21",2.94990662760971,340,2014-05-21,46.84127,-113.96401
"340.2014-06-16",2.95023104774369,340,2014-06-16,46.84126,-113.9641
"340.2014-07-10",2.8390868814286,340,2014-07-10,46.84137,-113.96417
"340.2014-08-13",2.98220094888675,340,2014-08-13,46.84142,-113.96408
"340.2014-09-03",2.95426963203978,340,2014-09-03,46.84122,-113.96413
"340.2014-09-22",2.88827682231684,340,2014-09-22,46.84123,-113.96412
"340.2015-05-27",3.074848277497,340,2015-05-27,46.84117,-113.96439
"340.2015-06-16",2.94004574623979,340,2015-06-16,46.84111,-113.96444
"340.2015-07-06",2.76607798095974,340,2015-07-06,46.84105,-113.96443
"340.2015-08-07",2.9045239273852,340,2015-08-07,46.84105,-113.95497
"340.2015-09-09",2.84933751887979,340,2015-09-09,46.84108,-113.96459
"340.2015-09-23",2.94073900628973,340,2015-09-23,46.84123,-113.96467
"341.2014-08-13",2.98348283164484,341,2014-08-13,46.83897,-113.96428
"342.2014-08-13",2.96396023786887,342,2014-08-13,46.84326,-113.96555
"343.2014-08-13",3.05139792356263,343,2014-08-13,46.84142,-113.96652
"344.2014-05-21",3.04745525741949,344,2014-05-21,46.84126,-113.9663
"344.2014-06-16",2.94352468298434,344,2014-06-16,46.84116,-113.96613
"344.2014-07-10",2.8835331034749,344,2014-07-10,46.84121,-113.96613
"344.2014-08-13",2.97719345938908,344,2014-08-13,46.84119,-113.96618
"344.2014-09-03",2.90480500036029,344,2014-09-03,46.84124,-113.96619
"344.2014-09-22",2.89347403336607,344,2014-09-22,46.84115,-113.96631
"344.2015-05-27",3.11892420167487,344,2015-05-27,46.84122,-113.96622
"344.2015-06-16",2.97229414606636,344,2015-06-16,46.84117,-113.96619
"344.2015-07-06",3.01161136352529,344,2015-07-06,46.84121,-113.96624
"344.2015-08-07",2.98108561375584,344,2015-08-07,46.84121,-113.96618
"344.2015-09-09",2.93649279759614,344,2015-09-09,46.84119,-113.96623
"344.2015-09-23",2.91972554854528,344,2015-09-23,46.84148,-113.96632
"345.2015-07-23",2.89861308014714,345,2015-07-23,46.74979,-113.9958
"346.2015-07-23",2.91050483276008,346,2015-07-23,46.74811,-113.99476
"347.2015-07-23",2.87031756240361,347,2015-07-23,46.74886,-113.99039
"348.2015-07-23",2.86103362589354,348,2015-07-23,46.774878,-113.99663
"349.2015-07-23",3.01219460886532,349,2015-07-23,46.74932,-113.99974
"35.2015-08-20",3.14788447787875,35,2015-08-20,46.75543,-113.89018
"359.2014-07-23",2.65654466149036,359,2014-07-23,46.54897,-113.92075
"36.2015-08-20",3.02881750065741,36,2015-08-20,46.75427,-113.89183
"360.2014-07-23",2.52199328314509,360,2014-07-23,46.54829,-113.91525
"361.2014-07-23",2.96145935960346,361,2014-07-23,46.54881,-113.91163
"362.2014-07-23",2.67613682279137,362,2014-07-23,46.54768,-113.91892
"363.2014-07-23",2.8045400255528,363,2014-07-23,46.55149,-113.91377
"364.2014-05-26",3.13878600509605,364,2014-05-26,46.53965,-113.90561
"364.2014-06-16",3.10117632894857,364,2014-06-16,46.53973,-113.90564
"364.2014-07-09",2.99468785259561,364,2014-07-09,46.53983,-113.90572
"364.2014-08-18",2.97468285372713,364,2014-08-18,46.53974,-113.90571
"364.2014-09-03",2.85128735472368,364,2014-09-03,46.53972,-113.90562
"364.2014-09-22",2.97991344772523,364,2014-09-22,46.53968,-113.90581
"364.2015-05-26",3.19696079534043,364,2015-05-26,46.54071,-113.90608
"364.2015-06-17",3.16751813703351,364,2015-06-17,46.54065,-113.90629
"364.2015-07-07",2.90798176593622,364,2015-07-07,46.53964,-113.90565
"364.2015-08-06",2.84077451859096,364,2015-08-06,46.53951,-113.90578
"364.2015-09-09",2.79800996708458,364,2015-09-09,46.53953,-113.90575
"364.2015-09-23",2.8130677891233,364,2015-09-23,46.5397,-113.90573
"366.2014-08-18",2.90380029339757,366,2014-08-18,46.53877,-113.90142
"367.2014-05-26",3.00547052455874,367,2014-05-26,46.5405,-113.90747
"367.2014-06-16",3.04480273069975,367,2014-06-16,46.54047,-113.90749
"367.2014-07-09",2.93133356789259,367,2014-07-09,46.54052,-113.90768
"367.2014-08-18",2.8597784840921,367,2014-08-18,46.54051,-113.90769
"367.2014-09-03",2.90273960619536,367,2014-09-03,46.54046,-113.90775
"367.2014-09-22",2.72483572362746,367,2014-09-22,46.54051,-113.90759
"367.2015-05-26",3.23398039999979,367,2015-05-26,46.54037,-113.90759
"367.2015-06-17",3.02988804961705,367,2015-06-17,46.54086,-113.90745
"367.2015-07-07",2.83179566818582,367,2015-07-07,46.54054,-113.90762
"367.2015-08-06",2.7799486439028,367,2015-08-06,46.54042,-113.90758
"367.2015-09-09",2.7874705942037,367,2015-09-09,46.54045,-113.90769
"367.2015-09-23",2.87070381820332,367,2015-09-23,46.54044,-113.90762
"368.2014-08-18",2.85645408496026,368,2014-08-18,46.53994,-113.90354
"369.2014-07-23",2.82540990818326,369,2014-07-23,46.55111,-113.91043
"37.2015-08-20",3.06451388043343,37,2015-08-20,46.75664,-113.88744
"370.2014-07-23",2.7805343922934,370,2014-07-23,46.54789,-113.90875
"371.2014-07-23",2.74107895663984,371,2014-07-23,46.55131,-113.91312
"372.2014-07-23",2.82517478430426,372,2014-07-23,46.54943,-113.91152
"373.2014-07-23",2.77663356329039,373,2014-07-23,46.55038,-113.91436
"374.2014-07-18",2.7848115902654,374,2014-07-18,46.49702,-113.95142
"375.2014-07-17",2.91958264682475,375,2014-07-17,46.49302,-113.95524
"376.2014-07-17",2.72156723198034,376,2014-07-17,46.49224,-113.95683
"377.2014-07-17",2.83688871411413,377,2014-07-17,46.4953,-113.95357
"378.2014-07-18",2.68720036306613,378,2014-07-18,46.49699,-113.95315
"379.2015-07-15",2.70347599605557,379,2015-07-15,46.5325,-113.92049
"380.2015-07-15",2.59824626761368,380,2015-07-15,46.53278,-113.91516
"381.2015-07-15",2.5918987887115,381,2015-07-15,46.53472,-113.91675
"382.2015-07-15",2.57998473169136,382,2015-07-15,46.53599,-113.91744
"383.2015-07-15",2.84170033115822,383,2015-07-15,46.53245,-113.91562
"384.2015-08-05",2.99602463296001,384,2015-08-05,46.59157,-113.90462
"385.2015-08-05",3.08847081637296,385,2015-08-05,46.58943,-113.90398
"386.2015-08-05",3.0286091825233,386,2015-08-05,46.59114,-113.90322
"387.2015-08-05",2.97494940958123,387,2015-08-05,46.59042,-113.90754
"39.2015-08-20",3.05795479253145,39,2015-08-20,46.75302,-113.88892
"40.2015-08-19",2.41421149743315,40,2015-08-19,46.32041,-113.89397
"401.2014-07-18",2.86599351659092,401,2014-07-18,46.49725,-113.94418
"402.2014-07-18",2.99218045321757,402,2014-07-18,46.49677,-113.93938
"41.2015-08-19",3.13315318042015,41,2015-08-19,46.3187,-113.89884
"42.2015-08-19",2.79270646941618,42,2015-08-19,46.31865,-113.89635
"425.2014-08-27",1.92212210748669,425,2014-08-27,46.7585,-113.84092
"426.2014-08-27",1.82525874393225,426,2014-08-27,46.75075,-113.83784
"427.2014-08-27",2.71179227269765,427,2014-08-27,46.74941,-113.84135
"428.2014-08-27",2.6030214678978,428,2014-08-27,46.74943,-113.84239
"429.2014-08-27",2.1023936372533,429,2014-08-27,46.74632,-113.84281
"43.2015-08-19",3.19827218808898,43,2015-08-19,46.31702,-113.90178
"430.2015-07-24",2.14138706786564,430,2015-07-24,46.5074,-113.84422
"431.2015-07-24",2.07211382367377,431,2015-07-24,46.50759,-113.8444
"432.2015-07-24",2.11510213627414,432,2015-07-24,46.50798,-113.84262
"444.2015-07-24",3.11947758463774,444,2015-07-24,46.73114,-113.70055
"445.2015-07-24",2.45895113693107,445,2015-07-24,46.73228,-113.70097
"446.2015-07-24",2.57622387237222,446,2015-07-24,46.73322,-113.70151
"447.2014-08-28",2.94076109333052,447,2014-08-28,46.61642,-113.63516
"448.2014-08-28",2.90280248819767,448,2014-08-28,46.6153,-113.63059
"449.2014-08-28",2.89822667202522,449,2014-08-28,46.61782,-113.63422
"450.2014-08-28",2.73405200101417,450,2014-08-28,46.61702,-113.63814
"459.2014-08-22",2.62333304902202,459,2014-08-22,46.82028,-113.91412
"460.2014-08-07",2.83634705737345,460,2014-08-07,46.82284,-113.91335
"461.2014-08-15",2.97528504830142,461,2014-08-15,46.819,-113.90859
"462.2014-08-07",2.88388471365822,462,2014-08-07,46.82254,-113.91258
"464.2014-08-12",2.68954363201459,464,2014-08-12,46.76073,-113.73788
"465.2014-08-12",3.04309062184419,465,2014-08-12,46.76154,-113.73825
"466.2014-08-12",2.79454338155776,466,2014-08-12,46.7605,-113.7393
"467.2014-08-12",2.82319096231793,467,2014-08-12,46.76041,-113.73573
"468.2014-08-12",2.79013723554341,468,2014-08-12,46.76163,-113.73489
"473.2014-07-21",2.74311325991204,473,2014-07-21,46.57777,-113.92081
"475.2015-07-30",2.91066960312592,475,2015-07-30,46.57814,-113.65923
"476.2015-07-30",3.04183859045077,476,2015-07-30,46.58175,-113.66869
"477.2015-07-30",3.06356960226129,477,2015-07-30,46.58088,-113.66564
"481.2014-08-05",2.57170008313529,481,2014-08-05,46.73917,-113.98021
"482.2014-08-05",3.00315757701784,482,2014-08-05,46.73969,-113.98071
"483.2014-08-05",2.99795414413294,483,2014-08-05,46.73936,-113.98192
"484.2014-08-05",2.79822971909592,484,2014-08-05,46.74014,-113.98495
"485.2014-08-05",2.94672850268751,485,2014-08-05,46.74152,-113.9774
"486.2015-08-18",2.91517397817558,486,2015-08-18,46.60152,-113.990417
"488.2015-08-18",2.91248526622058,488,2015-08-18,46.60317,-113.9015
"493.2015-08-18",2.81855355224315,493,2015-08-18,46.58965,-113.90775
"495.2014-08-05",3.06711103982375,495,2014-08-05,46.74679,-113.98418
"496.2014-08-05",2.74577635467913,496,2014-08-05,46.74615,-113.98574
"497.2014-08-05",2.48737982484761,497,2014-08-05,46.74657,-113.98277
"498.2014-07-31",2.67955652607071,498,2014-07-31,46.7472,-113.98119
"499.2014-07-31",2.68842006565761,499,2014-07-31,46.74732,-113.97998
"5.2014-07-17",2.31308451182336,5,2014-07-17,46.45097,-113.83656
"505.2015-07-17",2.94284081097224,505,2015-07-17,46.53762,-113.89822
"506.2015-07-17",2.60596384628877,506,2015-07-17,46.53889,-113.8961
"507.2015-07-17",3.00150904575912,507,2015-07-17,46.53764,-113.89694
"508.2015-07-17",2.96582002354633,508,2015-07-17,46.53909,-113.90083
"509.2014-08-26",1.87714541839504,509,2014-08-26,46.51624,-113.85493
"511.2014-08-26",1.97756984316994,511,2014-08-26,46.51777,-113.85619
"512.2014-08-26",2.09649265346471,512,2014-08-26,46.51742,-113.85475
"513.2014-07-23",2.91850542583066,513,2014-07-23,46.54398,-113.91036
"514.2014-07-23",2.97044145283813,514,2014-07-23,46.54458,-113.91607
"516.2014-07-23",2.91384560357225,516,2014-07-23,46.5446,-113.91216
"522.2015-08-28",2.76474340554892,522,2015-08-28,46.72833,-113.74938
"523.2015-08-28",2.71619858964049,523,2015-08-28,46.72587,-113.74698
"524.2015-08-28",2.80604700320212,524,2015-08-28,46.72834,-113.75127
"525.2015-08-28",2.88153939086651,525,2015-08-28,46.72822,-113.75302
"527.2014-08-06",2.91260204734035,527,2014-08-06,46.74827,-113.96684
"528.2014-08-06",3.0333107637105,528,2014-08-06,46.74951,-113.96599
"529.2014-08-06",2.99375563951278,529,2014-08-06,46.7507,-113.9675
"530.2014-08-06",3.12660498909178,530,2014-08-06,46.74771,-113.96889
"5325.2015-08-05",2.8044614385589,5325,2015-08-05,46.73476,-114.04418
"5326.2015-08-05",2.91607565694975,5326,2015-08-05,46.7313,-114.04746
"5340.2015-08-07",2.9045239273852,5340,2015-08-07,46.84105,-113.95497
"5344.2015-08-07",2.98108561375584,5344,2015-08-07,46.84121,-113.96618
"5364.2015-08-06",2.84077451859096,5364,2015-08-06,46.53951,-113.90578
"5367.2015-08-06",2.7799486439028,5367,2015-08-06,46.54042,-113.90758
"538.2015-08-21",2.55085713952294,538,2015-08-21,46.57748,-113.82243
"539.2015-08-21",1.8510679264601,539,2015-08-21,46.57577,-113.82141
"540.2015-08-21",2.43177943894691,540,2015-08-21,46.57821,-113.82389
"541.2015-08-21",1.93887449832881,541,2015-08-21,46.57525,-113.82282
"548.2015-07-27",2.71908400900871,548,2015-07-27,46.39939,-113.69759
"550.2015-07-27",3.00006367551614,550,2015-07-27,46.40055,-113.70197
"551.2015-07-28",2.79781011512977,551,2015-07-28,46.39515,-113.68675
"552.2015-07-28",2.94006289132451,552,2015-07-28,46.39211,-113.68392
"554.2015-07-28",2.47329277475565,554,2015-07-28,46.39322,-113.68607
"567.2014-08-19",2.71548300721563,567,2014-08-19,46.69502,-113.79082
"569.2014-08-19",2.89978380448532,569,2014-08-19,46.69308,-113.79242
"570.2014-08-19",2.98560064850152,570,2014-08-19,46.69244,-113.79308
"571.2014-08-19",2.96165083339931,571,2014-08-19,46.69403,-113.79182
"573.2014-08-25",2.87148729780753,573,2014-08-25,46.71914,-113.9757
"575.2014-08-25",2.78011299214329,575,2014-08-25,46.71821,-113.97449
"577.2014-08-20",3.00179539732289,577,2014-08-20,46.70814,-113.90885
"580.2014-08-20",2.97581090080737,580,2014-08-20,46.70451,-113.90204
"581.2014-08-20",2.82586940658355,581,2014-08-20,46.7091,-113.90765
"592.2014-08-21",3.10038734654254,592,2014-08-21,46.76399,-113.81277
"593.2014-08-21",2.11317083974454,593,2014-08-21,46.76358,-113.81435
"594.2014-08-21",2.77606278135831,594,2014-08-21,46.76436,-113.80945
"595.2014-08-21",3.65592165429974,595,2014-08-21,46.76432,-113.80847
"605.2014-08-18",2.93664882015184,605,2014-08-18,46.76273,-113.82808
"606.2014-08-18",2.22022979166934,606,2014-08-18,46.7625,-113.82589
"609.2014-08-18",2.16970158345159,609,2014-08-18,46.76238,-113.82884
"613.2015-08-31",2.9127422796419,613,2015-08-31,46.39318,-113.89605
"614.2015-08-31",2.86241780702475,614,2015-08-31,46.39439,-113.89897
"616.2014-08-14",2.8558861060324,616,2014-08-14,46.60109,-113.85754
"617.2014-08-13",2.97941066914553,617,2014-08-13,46.60125,-113.85363
"618.2014-08-13",2.93906313645981,618,2014-08-13,46.59825,-113.85924
"619.2014-08-13",2.68769197551883,619,2014-08-13,46.60167,-113.8606
"620.2015-07-29",2.98680566604981,620,2015-07-29,46.43931,-113.74721
"621.2015-07-29",2.8883182214433,621,2015-07-29,46.43592,-113.74487
"623.2015-07-29",2.94434296834029,623,2015-07-29,46.43835,-113.74619
"628.2015-07-20",2.95015863960266,628,2015-07-20,46.75603,-114.00861
"629.2015-07-20",2.88609856253653,629,2015-07-20,46.7582,-114.00845
"630.2015-07-20",2.83432456038699,630,2015-07-20,46.75541,-114.0089
"631.2015-07-20",2.92650114888203,631,2015-07-20,46.75809,-114.01042
"632.2014-08-25",3.01418791709539,632,2014-08-25,46.67671,-113.76788
"633.2014-08-25",2.71347518827062,633,2014-08-25,46.67685,-113.76868
"634.2014-08-25",2.08587261848965,634,2014-08-25,46.67739,-113.77011
"635.2014-08-25",3.03664069441153,635,2014-08-25,46.67337,-113.76349
"646.2014-08-15",2.75526965186403,646,2014-08-15,46.81871,-113.90606
"648.2014-08-15",2.92747621403936,648,2014-08-15,46.81787,-113.90259
"649.2014-08-15",2.79899225438868,649,2014-08-15,46.82209,-113.91245
"658.2015-08-27",2.88732588964971,658,2015-08-27,46.46227,-113.91527
"659.2015-08-27",2.92690319618271,659,2015-08-27,46.46587,-113.9144
"66.2014-08-19",1.93369149278788,66,2014-08-19,46.72836,-113.8046
"660.2015-08-27",2.79767828370329,660,2015-08-27,46.46275,-113.91473
"671.2014-07-16",3.10290307676278,671,2014-07-16,46.46879,-113.90339
"672.2014-07-15",3.10031456491677,672,2014-07-15,46.47178,-113.90588
"673.2014-07-15",3.12328366881175,673,2014-07-15,46.47136,-113.90338
"674.2014-07-16",3.07455933707188,674,2014-07-16,46.47029,-113.90378
"675.2014-07-15",3.00696297181437,675,2014-07-15,46.47511,-113.90041
"676.2014-07-15",3.0265788090211,676,2014-07-15,46.47388,-113.89763
"677.2014-07-15",2.89853310531855,677,2014-07-15,46.47257,-113.89734
"678.2014-07-15",3.06498617082237,678,2014-07-15,46.47577,-113.89534
"68.2014-08-22",2.77066461545947,68,2014-08-22,46.72944,-113.80245
"680.2014-07-09",3.06748019379732,680,2014-07-09,46.66172,-113.84101
"680.2014-09-04",2.90616477725474,680,2014-09-04,46.66168,-113.84107
"680.2014-09-23",3.0425435071421,680,2014-09-23,46.66159,-113.84119
"680.2015-06-01",2.96597035090468,680,2015-06-01,46.66152,-113.84124
"680.2015-06-17",3.04624556804127,680,2015-06-17,46.66145,-113.84138
"680.2015-07-02",2.9556300321561,680,2015-07-02,46.66164,-113.84109
"680.2015-08-07",2.90177547908207,680,2015-08-07,46.66162,-113.84113
"680.2015-09-09",3.13137242263498,680,2015-09-09,46.66157,-113.84124
"680.2015-09-23",3.07414297345272,680,2015-09-23,46.66156,-113.84119
"681.2014-06-23",3.00877235779999,681,2014-06-23,46.47952,-113.90017
"681.2014-07-10",3.09960962477891,681,2014-07-10,46.47952,-113.90019
"681.2014-09-04",3.01383066188605,681,2014-09-04,46.48007,-113.9001
"681.2014-09-23",2.98538113990261,681,2014-09-23,46.47942,-113.90022
"681.2015-05-28",3.07267349163544,681,2015-05-28,46.47952,-113.9002
"681.2015-06-16",3.06327668580135,681,2015-06-16,46.47949,-113.90022
"681.2015-07-03",2.93975662968816,681,2015-07-03,46.47948,-113.90025
"681.2015-08-07",2.95133394351137,681,2015-08-07,46.47948,-113.90023
"681.2015-09-09",2.97227917161331,681,2015-09-09,46.47948,-113.90025
"681.2015-09-23",2.95792160669941,681,2015-09-23,46.47951,-113.90017
"682.2015-05-20",3.04163611161265,682,2015-05-20,46.69057,-113.98768
"682.2015-06-15",2.7627289053795,682,2015-06-15,46.69077,-113.9876
"682.2015-07-02",2.88875133422441,682,2015-07-02,46.69082,-113.98754
"682.2015-07-15",2.878402763405,682,2015-07-15,46.69076,-113.98753
"682.2015-09-09",2.94866361147245,682,2015-09-09,46.69057,-113.98795
"682.2015-09-23",2.94943433605424,682,2015-09-23,46.69087,-113.9875
"683.2015-07-15",2.92383428447899,683,2015-07-15,46.69654,-113.98652
"684.2015-07-15",2.8473477149113,684,2015-07-15,46.79721,-113.98616
"685.2015-07-15",2.92722954953288,685,2015-07-15,46.69594,-113.987787
"686.2015-05-20",3.06909604840793,686,2015-05-20,46.68989,-113.9894
"686.2015-06-15",2.98080818825301,686,2015-06-15,46.69022,-113.98927
"686.2015-07-02",2.98664087490412,686,2015-07-02,46.69028,-113.98894
"686.2015-07-15",2.9658935664934,686,2015-07-15,46.69015,-113.98923
"686.2015-09-09",2.95240069184802,686,2015-09-09,46.68994,-113.98943
"686.2015-09-23",2.9460584151765,686,2015-09-23,46.69026,-113.98891
"69.2014-08-19",2.97170230014762,69,2014-08-19,46.73069,-113.79951
"690.2015-08-25",2.82583579373069,690,2015-08-25,46.69543,-113.98164
"691.2015-08-25",2.97732913035634,691,2015-08-25,46.69527,-113.9794
"692.2015-08-25",2.9374421267679,692,2015-08-25,46.69859,-113.98097
"693.2015-08-25",2.79297333559015,693,2015-08-25,46.6964,-113.97946
"694.2015-08-25",2.93679535243041,694,2015-08-25,46.6974,-113.98276
"695.2015-08-25",2.91635557857085,695,2015-08-25,46.70141,-113.99933
"696.2015-08-25",2.83055925449886,696,2015-08-25,46.70232,-113.99872
"697.2015-08-25",2.89692640568494,697,2015-08-25,46.69898,-113.99938
"698.2015-08-25",2.98295847693414,698,2015-08-25,46.69907,-113.99992
"699.2015-08-25",2.96617244497316,699,2015-08-25,46.69914,-114.0002
"7.2014-07-17",1.96942158209609,7,2014-07-17,46.45158,-113.83524
"70.2014-08-19",2.87467837455549,70,2014-08-19,46.73029,-113.80087
"700.2014-07-28",2.89928453165226,700,2014-07-28,46.00791,-114.0382
"701.2014-07-29",2.74800210431181,701,2014-07-29,46.00204,-114.03886
"702.2014-07-29",2.8081372230284,702,2014-07-29,46.0072,-114.03786
"703.2014-07-29",2.81827077916052,703,2014-07-29,46.00219,-114.0345
"709.2014-07-30",3.00333141415484,709,2014-07-30,45.97632,-114.0332
"71.2014-07-18",3.04887390995496,71,2014-07-18,46.47168,-113.90021
"711.2014-07-30",2.72294516046997,711,2014-07-30,45.97599,-114.03381
"712.2014-07-30",2.63382337673079,712,2014-07-30,45.97337,-114.03531
"713.2014-07-29",2.81201898118357,713,2014-07-29,45.97512,-114.02995
"719.2014-07-29",2.79954467677359,719,2014-07-29,46.00475,-114.03681
"72.2014-07-16",3.16786546759648,72,2014-07-16,46.47109,-113.90275
"720.2014-07-29",2.79872499804887,720,2014-07-29,45.99997,-114.03149
"722.2014-07-29",2.75977139688724,722,2014-07-29,46.00112,-114.03711
"723.2014-07-28",2.82918003509236,723,2014-07-28,46.00322,-114.02902
"724.2015-08-12",2.753505046076,724,2015-08-12,45.96105,-113.99289
"725.2015-08-12",2.79463661278459,725,2015-08-12,45.96274,-113.99464
"726.2015-08-12",3.00970913007614,726,2015-08-12,45.96098,-113.99016
"727.2015-08-12",2.64086260592934,727,2015-08-12,45.96177,-113.99775
"728.2015-08-12",2.87970384988769,728,2015-08-12,45.95926,-113.99715
"73.2014-07-15",3.09721610627215,73,2014-07-15,46.47003,-113.90546
"734.2014-08-27",2.80149586497175,734,2014-08-27,46.66298,-113.81784
"736.2014-08-27",2.64519268676241,736,2014-08-27,46.66279,-113.81516
"74.2014-07-16",3.02353436124564,74,2014-07-16,46.46745,-113.90321
"75.2014-07-18",3.09192821233918,75,2014-07-18,46.47018,-113.89885
"789.2014-08-21",2.76773040566798,789,2014-08-21,46.1199,-114.02909
"790.2014-08-21",1.84648038059059,790,2014-08-21,46.11963,-114.02577
"791.2014-08-21",2.5182328686222,791,2014-08-21,46.11875,-114.02837
"793.2014-08-21",2.74526330076687,793,2014-08-21,46.11995,-114.02791
"794.2014-07-31",2.7299830795973,794,2014-07-31,45.9603,-113.95188
"795.2014-07-31",2.8187056495706,795,2014-07-31,45.95848,-113.95455
"796.2014-07-31",2.54437587192205,796,2014-07-31,45.96429,-113.95483
"797.2014-07-30",2.87554760213005,797,2014-07-30,45.96253,-113.95618
"798.2014-07-30",2.74126515075607,798,2014-07-30,45.96472,-113.95681
"799.2014-07-25",2.87239352871813,799,2014-07-25,46.67288,-113.85159
"8.2014-08-29",2.2898926172509,8,2014-08-29,46.57524,-113.82969
"800.2014-07-25",2.65188459907603,800,2014-07-25,46.67424,-113.85197
"802.2014-07-25",2.58209755426575,802,2014-07-25,46.67451,-113.85398
"824.2015-08-12",3.06366488296826,824,2015-08-12,45.86584,-114.06641
"825.2015-08-12",2.91432936363228,825,2015-08-12,45.86891,-114.06466
"826.2015-08-12",2.82320113174792,826,2015-08-12,45.86853,-114.0713
"827.2015-08-12",2.79278529479813,827,2015-08-12,45.86814,-114.06842
"828.2015-08-12",2.82495423773378,828,2015-08-12,45.87001,-114.07207
"844.2014-07-24",2.64671541401232,844,2014-07-24,46.68078,-113.84947
"845.2014-07-24",1.71120593362905,845,2014-07-24,46.67574,-113.84538
"846.2014-07-24",2.73340439827563,846,2014-07-24,46.67968,-113.84648
"847.2014-07-24",2.95909474731555,847,2014-07-24,46.67391,-113.84928
"848.2014-07-24",2.79858926218968,848,2014-07-24,46.67801,-113.84769
"864.2014-08-07",2.49661255892451,864,2014-08-07,45.51828,-114.27199
"865.2014-08-07",2.538073036416,865,2014-08-07,45.51844,-114.27027
"866.2014-08-07",2.11274453449932,866,2014-08-07,45.51993,-114.26964
"868.2014-08-07",2.53300470803046,868,2014-08-07,45.5177,-114.27084
"869.2014-08-06",3.11594591976376,869,2014-08-06,45.5062,-114.29494
"871.2014-08-06",2.89178910229421,871,2014-08-06,45.50696,-114.29214
"872.2014-08-06",3.06642054160403,872,2014-08-06,45.50668,-114.29417
"873.2014-08-06",3.00422804734533,873,2014-08-06,45.50997,-114.29215
"874.2014-08-05",3.00943417333068,874,2014-08-05,45.535,-114.27717
"875.2014-08-05",3.0666766583298,875,2014-08-05,45.53924,-114.27872
"876.2014-08-05",2.96341783604835,876,2014-08-05,45.53409,-114.27755
"877.2014-08-05",2.97706935746956,877,2014-08-05,45.53487,-114.27888
"878.2014-08-05",2.11274453449932,878,2014-08-05,45.53849,-114.27773
"880.2015-08-10",2.69293892680551,880,2015-08-10,45.50676,-114.47188
"881.2015-08-10",2.80756607180063,881,2015-08-10,45.50957,-114.47127
"882.2015-08-10",2.65505817439509,882,2015-08-10,45.51002,-114.47165
"883.2015-08-10",2.76378242609842,883,2015-08-10,45.50615,-114.47071
"884.2015-08-14",2.5743894696628,884,2015-08-14,46.25985,-113.7969
"885.2015-08-13",2.76856902595726,885,2015-08-13,46.25591,-113.80064
"886.2015-08-14",2.61503879771458,886,2015-08-14,46.26096,-113.8037
"887.2015-08-14",2.98230056076152,887,2015-08-14,46.26071,-113.80275
"888.2015-08-13",2.08074290352612,888,2015-08-13,46.25534,-113.80052
"889.2014-08-14",2.70052345304378,889,2014-08-14,46.32203,-114.23936
"891.2014-08-14",2.41122706663937,891,2014-08-14,46.32191,-114.24082
"892.2014-08-14",2.79263135809319,892,2014-08-14,46.3197,-114.2416
"894.2014-08-15",2.91009195667982,894,2014-08-15,46.32518,-114.25037
"896.2014-08-15",1.81599248866881,896,2014-08-15,46.32701,-114.24855
"898.2014-08-15",2.92404894645197,898,2014-08-15,46.32578,-114.2494
"907.2015-08-13",2.40287525541966,907,2015-08-13,46.24067,-113.84244
"908.2015-08-13",2.63191696179436,908,2015-08-13,46.24282,-113.84296
"909.2015-08-13",2.22203167597191,909,2015-08-13,46.24371,-113.84347
"91.2015-07-20",2.58895627598309,91,2015-07-20,46.75959,-114.00965
"911.2015-08-13",2.53541581770284,911,2015-08-13,46.24444,-113.84091
"912.2014-08-04",2.95667360654287,912,2014-08-04,45.53302,-114.35481
"913.2014-08-04",2.98944056648181,913,2014-08-04,45.52856,-114.35652
"914.2014-08-04",2.63350845978016,914,2014-08-04,45.53152,-114.35424
"916.2014-08-04",3.03835025049027,916,2014-08-04,45.53012,-114.35418
"917.2015-08-10",2.71009965468065,917,2015-08-10,45.55156,-114.36772
"918.2015-08-10",2.34465491449333,918,2015-08-10,45.55122,-114.36885
"919.2015-08-10",2.5078211779414,919,2015-08-10,45.55272,-114.36653
"92.2015-07-20",2.76517187198057,92,2015-07-20,46.76003,-114.01147
"920.2015-08-10",2.4533738498295,920,2015-08-10,45.55212,-114.36637
"93.2015-07-20",2.97661764241933,93,2015-07-20,46.75769,-114.00597
"931.2014-07-16",2.9691710392291,931,2014-07-16,46.77409,-114.21039
"933.2014-07-16",3.06450159828723,933,2014-07-16,46.77056,-114.21252
"934.2014-07-16",3.0302371579416,934,2014-07-16,46.77007,-114.21509
"935.2014-07-16",3.06818262707519,935,2014-07-16,46.76886,-114.21172
"94.2015-07-20",2.85626958541794,94,2015-07-20,46.75998,-114.00498
"95.2015-07-20",2.74634406471353,95,2015-07-20,46.76011,-114.00355
"950.2014-08-01",2.85953441460204,950,2014-08-01,46.71062,-114.03927
"951.2014-08-20",2.795954815554,951,2014-08-20,46.68518,-114.03336
"952.2014-08-18",2.74139620615328,952,2014-08-18,46.67215,-114.01369
"953.2014-08-08",2.52357435887231,953,2014-08-08,46.67406,-114.02348
"954.2014-08-07",2.89888117632946,954,2014-08-07,46.68086,-114.02947
"955.2014-08-18",2.92143858823293,955,2014-08-18,46.68067,-114.02991
"956.2014-08-08",2.94194624067903,956,2014-08-08,46.68763,-114.03329
"957.2014-08-08",3.20504877044647,957,2014-08-08,46.68937,-114.03595
"958.2014-08-20",3.38040124547281,958,2014-08-20,46.67247,-114.02587
"959.2014-08-22",3.06089055413173,959,2014-08-22,46.68652,-114.03611
"960.2014-08-22",3.06089055413173,960,2014-08-22,46.68537,-114.03608
"961.2014-08-20",3.34624686815066,961,2014-08-20,46.67225,-114.02493
"290.2014-08-14",0,290,2014-08-14,46.58047,-114.06964
"292.2014-08-14",0,292,2014-08-14,46.58041,-114.06763
"608.2014-08-18",0,608,2014-08-18,46.76194,-113.82991
