"PlotVisit","PlotID","Date","Latitude","Longitude","GDMforb","GDMgrass","GDMshrub"
"10.2014-08-29",10,2014-08-29,46.57791,-113.82738,0,0.876,127.621
"1016.2015-08-26",1016,2015-08-26,46.45785,-113.76855,0.023,21.038,17.884
"1017.2015-08-26",1017,2015-08-26,46.45856,-113.76639,3.766,18.863,26.516
"1018.2015-08-26",1018,2015-08-26,46.457755,-113.7694,0,4.587,10.12
"1019.2015-08-26",1019,2015-08-26,46.45834,-113.76865,2.521,0.618,53.585
"1020.2015-08-26",1020,2015-08-26,46.45783,-113.76779,0,10.64,11.794
"1022.2015-07-28",1022,2015-07-28,46.41864,-113.69937,1.476,25.925,0
"1023.2015-07-28",1023,2015-07-28,46.41848,-113.70033,0.032,9.861,0
"1026.2015-07-29",1026,2015-07-29,46.45065,-113.6879,0,0,37.262
"1028.2015-07-29",1028,2015-07-29,46.45114,-113.68591,0,0,55.363
"1034.2015-07-28",1034,2015-07-28,46.50418,-113.74872,1.68,4.37,11.193
"1035.2015-07-28",1035,2015-07-28,46.5065,-113.75257,0,5.64,43.368
"1036.2015-07-17",1036,2015-07-17,46.55299,-113.8561,3.619,12.115,30.807
"1037.2015-07-17",1037,2015-07-17,46.55295,-113.8577,0.168,11.227,11.557
"1038.2015-07-17",1038,2015-07-17,46.55197,-113.85443,0.265,0,55.759
"1039.2015-07-17",1039,2015-07-17,46.5524,-113.85568,9.188,11.713,4.749
"1040.2015-07-17",1040,2015-07-17,46.55205,-113.85761,0.8,1.939,5.679
"1041.2015-08-13",1041,2015-08-13,46.16954,-113.95236,0,67.537,66.528
"1042.2015-08-13",1042,2015-08-13,46.17253,-113.95476,0,22.963,25.89
"1043.2015-08-13",1043,2015-08-13,46.17142,-113.95269,0.193,0.243,0
"1044.2015-08-13",1044,2015-08-13,46.17376,-113.95651,0.047,12.002,138.822
"1045.2015-08-13",1045,2015-08-13,46.17096,-113.95475,0,18.993,46.346
"1046.2015-08-04",1046,2015-08-04,46.43477,-113.8822,0,0,3.801
"1047.2015-08-04",1047,2015-08-04,46.43317,-113.88142,0,1.125,0.261
"1048.2015-08-04",1048,2015-08-04,46.43445,-113.87841,0,0,21.315
"1049.2015-08-04",1049,2015-08-04,46.43217,-113.87627,0,2.38,28.578
"1051.2015-08-24",1051,2015-08-24,46.73847,-113.74313,0,30.724,18.067
"1052.2015-08-24",1052,2015-08-24,46.73826,-113.74399,0.02,10.789,95.053
"1053.2015-08-24",1053,2015-08-24,46.73917,-113.74344,0.522,41.855,302.361
"1055.2015-08-24",1055,2015-08-24,46.73906,-113.74414,0.298,9.97,86.842
"1057.2015-07-27",1057,2015-07-27,46.41428,-113.6487,0,0,14.811
"1059.2015-07-27",1059,2015-07-27,46.41322,-113.65273,0,0,12.585
"106.2014-08-22",106,2014-08-22,46.69669,-113.75302,0.063,0.913,5.033
"1061.2015-07-29",1061,2015-07-29,46.44749,-113.68022,0,1.189,24.54
"1063.2015-07-29",1063,2015-07-29,46.4474,-113.67847,0,0.029,28.824
"1065.2015-07-29",1065,2015-07-29,46.44672,-113.67832,0,0.876,13.88
"1071.2015-08-26",1071,2015-08-26,46.46227,-113.76657,0,5.697,15.224
"1072.2015-08-26",1072,2015-08-26,46.45983,-113.76781,0.33,13.46,11.789
"1073.2015-08-26",1073,2015-08-26,46.45919,-113.76843,1.152,12.655,20.105
"1074.2015-08-26",1074,2015-08-26,46.46082,-113.76708,0.099,3.923,63.607
"1075.2015-08-26",1075,2015-08-26,46.46345,-113.76576,0,7.714,38.014
"1076.2015-07-30",1076,2015-07-30,46.51913,-113.72901,0,1.456,223.839
"1078.2015-07-30",1078,2015-07-30,46.51959,-113.72647,0.875,10.34,54.115
"1079.2015-07-30",1079,2015-07-30,46.52,-113.72807,0.252,4.471,50.815
"108.2014-08-22",108,2014-08-22,46.69677,-113.75497,0,8.351,0
"1080.2015-07-30",1080,2015-07-30,46.51945,-113.72504,0,1.41,33.23
"1081.2015-07-28",1081,2015-07-28,46.50681,-113.75902,7.012,0,19.214
"1082.2015-07-28",1082,2015-07-28,46.50572,-113.75485,3.109,0.71,0
"1083.2015-07-28",1083,2015-07-28,46.5064,-113.75729,0.683,1.624,7.602
"1084.2015-07-28",1084,2015-07-28,46.50706,-113.75525,0,1.494,56.088
"1085.2015-07-28",1085,2015-07-28,46.50443,-113.75744,10.724,3.066,13.852
"1086.2015-08-03",1086,2015-08-03,46.76756,-113.72868,0.175,7.195,99.847
"1087.2015-08-03",1087,2015-08-03,46.76617,-113.72401,0,0.813,110.9
"1088.2015-08-03",1088,2015-08-03,46.76758,-113.72476,0.145,32.337,53.364
"1089.2015-08-03",1089,2015-08-03,46.76721,-113.72686,0.213,23.281,15.682
"109.2014-08-22",109,2014-08-22,46.69764,-113.75593,0.1,2.148,26.695
"1090.2015-08-03",1090,2015-08-03,46.76882,-113.72728,0,22.885,46.567
"1091.2015-08-07",1091,2015-08-07,46.77219,-113.73559,0,5.484,33.676
"1092.2015-08-07",1092,2015-08-07,46.77132,-113.73527,0,8.759,101.624
"1093.2015-08-07",1093,2015-08-07,46.77135,-113.73388,0,12.344,106.185
"1094.2015-08-07",1094,2015-08-07,46.77153,-113.73269,0,8.856,46.662
"1095.2015-08-07",1095,2015-08-07,46.76889,-113.73139,0,13.061,30.528
"1096.2015-08-11",1096,2015-08-11,45.81474,-114.27979,0.945,6.582,18.518
"1097.2015-08-11",1097,2015-08-11,45.81618,-114.28146,3.455,35.695,0
"1098.2015-08-11",1098,2015-08-11,45.81254,-114.27837,0.706,4.287,0
"1099.2015-08-11",1099,2015-08-11,45.81361,-114.28311,0.097,7.432,3.348
"11.2014-08-29",11,2014-08-29,46.57806,-113.83122,0.073,3.254,44.296
"1100.2015-08-11",1100,2015-08-11,45.81101,-114.28016,0.013,6.914,7.47
"1101.2015-08-11",1101,2015-08-11,45.81963,-114.27502,0,14.618,61.406
"1102.2015-08-11",1102,2015-08-11,45.82174,-114.27261,2.713,9.827,13.422
"1103.2015-08-11",1103,2015-08-11,45.81951,-114.26773,1.381,7.886,96.427
"1104.2015-08-11",1104,2015-08-11,45.82141,-114.27317,2.222,6.02,6.895
"1105.2015-08-11",1105,2015-08-11,45.82006,-114.27076,0.549,14.258,0
"12.2014-08-29",12,2014-08-29,46.57597,-113.83202,1.571,0.979,74.041
"1200.2015-07-16",1200,2015-07-16,46.67586,-114.00526,0,15.699,0
"1201.2015-07-16",1201,2015-07-16,46.67507,-114.00693,1.522,10.66,0
"1202.2015-07-16",1202,2015-07-16,46.69481,-114.02106,0,39.316,0
"1203.2015-07-16",1203,2015-07-16,46.69595,-114.02146,0,29.74,0
"1204.2015-07-16",1204,2015-07-16,46.69637,-114.02289,0,24.137,0
"1205.2015-07-16",1205,2015-07-16,46.6951,-114.02276,0,30.097,0
"1206.2015-07-16",1206,2015-07-16,46.69736,-114.02206,0,9.339,0
"1207.2015-07-31",1207,2015-07-31,46.70684,-114.03217,0.201,11.135,0
"1208.2015-07-31",1208,2015-07-31,46.7061,-114.03335,0.305,19.483,0
"1209.2015-07-31",1209,2015-07-31,46.70509,-114.03422,0.651,17.95,0
"1210.2015-08-27",1210,2015-08-27,46.70617,-114.03466,0,16.041,0
"1211.2015-08-27",1211,2015-08-27,46.70494,-114.03242,0,12.952,0
"1212.2015-07-21",1212,2015-07-21,46.48051,-113.94422,0,35.705,0
"1213.2015-07-21",1213,2015-07-21,46.47941,-113.94303,0,29.22,0
"1214.2015-07-21",1214,2015-07-21,46.48006,-113.94714,1.445,36.758,0
"1215.2015-07-21",1215,2015-07-21,46.47782,-113.94644,0,31.584,0
"1216.2015-07-21",1216,2015-07-21,46.47841,-113.94465,0,32.231,0
"1217.2015-07-31",1217,2015-07-31,46.48507,-113.94688,7.078,25.519,0
"1218.2015-07-31",1218,2015-07-31,46.48972,-113.94481,8.803,29.573,0
"1219.2015-07-31",1219,2015-07-31,46.48823,-113.94223,16.781,26.413,0
"122.2015-07-22",122,2015-07-22,46.71025,-113.89076,0,2.87,69.204
"1220.2015-07-31",1220,2015-07-31,46.48859,-113.94427,9.444,10.358,0
"1221.2015-07-31",1221,2015-07-31,46.48534,-113.94415,1.203,18.439,0
"1227.2015-07-22",1227,2015-07-22,46.71213,-114.03623,0,21.326,0
"1228.2015-07-22",1228,2015-07-22,46.71537,-114.03191,0,35.208,0
"1229.2015-07-22",1229,2015-07-22,46.71447,-114.03476,0,4.668,0
"123.2015-07-22",123,2015-07-22,46.70776,-113.89333,0.532,1.286,4.626
"1230.2015-07-22",1230,2015-07-22,46.71962,-114.03295,0,14.712,0
"1231.2015-07-22",1231,2015-07-22,46.72213,-114.03445,0,6.323,0
"124.2015-07-22",124,2015-07-22,46.7101,-113.88985,0,10.102,182.756
"1241.2015-08-05",1241,2015-08-05,46.68063,-114.03706,0.267,0,0
"1243.2015-08-05",1243,2015-08-05,46.68143,-114.03297,0,0.518,0
"1245.2015-08-31",1245,2015-08-31,46.57967,-113.96089,0,137.222,0
"1246.2015-08-31",1246,2015-08-31,46.57936,-113.95898,0,119.306,0
"1247.2015-08-24",1247,2015-08-24,46.59946,-113.93914,87.151,57.49,0
"1248.2015-08-24",1248,2015-08-24,46.59611,-113.9437,36.788,46.307,0
"1249.2015-08-24",1249,2015-08-24,46.60378,-113.93877,3.202,4.464,0
"125.2015-07-22",125,2015-07-22,46.70846,-113.89109,0,1.742,221.606
"1250.2015-08-24",1250,2015-08-24,46.59833,-113.94372,39.394,20.408,0
"1251.2015-08-24",1251,2015-08-24,46.60011,-113.94244,118.795,49.014,0
"1252.2015-08-31",1252,2015-08-31,46.5778,-113.96169,193.744,0,0
"1254.2015-08-03",1254,2015-08-03,46.54859,-113.95792,37.971,56.309,0
"1256.2015-08-03",1256,2015-08-03,46.5468,-113.95878,14.646,60.34,0
"1257.2015-08-03",1257,2015-08-03,46.54859,-113.96088,105.613,67.862,0
"1258.2015-08-27",1258,2015-08-27,46.59108,-113.94801,295.293,21.016,0
"1259.2015-08-27",1259,2015-08-27,46.59225,-113.95035,0,96.587,0
"1260.2015-08-17",1260,2015-08-17,46.46897,-113.94883,14.56,15.542,0
"1261.2015-08-17",1261,2015-08-17,46.46987,-113.94937,6.127,39.979,0
"1262.2015-08-17",1262,2015-08-17,46.46938,-113.94449,15.861,2.387,0
"1263.2015-08-17",1263,2015-08-17,46.47165,-113.95267,19.988,11.024,0
"1264.2015-08-17",1264,2015-08-17,46.46817,-113.94474,21.467,26.07,0
"1265.2015-08-27",1265,2015-08-27,46.47218,-113.95188,15.383,62.104,0
"1266.2015-08-27",1266,2015-08-27,46.47161,-113.95116,12.239,21.582,0
"1267.2015-08-27",1267,2015-08-27,46.46828,-113.94315,37.857,3.014,0
"1268.2015-08-31",1268,2015-08-31,46.4694,-113.94531,53.227,8.674,0
"1269.2015-08-31",1269,2015-08-31,46.4664,-113.94285,37.808,2.671,0
"131.2015-08-20",131,2015-08-20,46.44442,-113.9044,0.04,27.534,11.087
"132.2015-08-20",132,2015-08-20,46.43963,-113.91031,0,15.746,28.861
"133.2015-08-20",133,2015-08-20,46.44043,-113.90961,0.542,8.496,74.714
"134.2015-08-20",134,2015-08-20,46.44423,-113.90306,1.375,16.229,89.177
"135.2015-08-20",135,2015-08-20,46.44241,-113.90115,0,5.567,32.445
"141.2014-08-20",141,2014-08-20,46.72977,-113.76678,0.047,3.505,35.593
"144.2014-08-20",144,2014-08-20,46.73064,-113.76451,0,0,55.208
"145.2014-08-20",145,2014-08-20,46.72842,-113.76938,0,6.803,128.588
"146.2014-07-22",146,2014-07-22,46.82685,-113.92958,0,18.631,16.566
"147.2014-07-16",147,2014-07-16,46.82719,-113.92465,0,14.101,412.011
"148.2014-07-22",148,2014-07-22,46.82853,-113.93294,0,17.164,41.902
"149.2014-07-22",149,2014-07-22,46.82486,-113.93153,0.653,40.299,29.885
"150.2014-07-22",150,2014-07-22,46.83824,-113.92753,2.211,18.304,103.655
"151.2015-08-18",151,2015-08-18,46.60257,-113.90403,2.073,8.888,161.747
"153.2015-08-18",153,2015-08-18,46.60326,-113.90753,5.146,0.701,4.415
"154.2015-08-18",154,2015-08-18,46.60359,-113.90408,17.659,12.672,70.955
"16.2015-07-23",16,2015-07-23,46.46618,-113.84541,0,0,115.07
"161.2014-08-04",161,2014-08-04,46.82724,-113.94535,0,13.824,29.943
"162.2014-08-04",162,2014-08-04,46.82912,-113.94309,0.013,2.764,18.242
"164.2014-08-04",164,2014-08-04,46.83067,-113.94137,0.181,14.548,61.822
"165.2014-08-04",165,2014-08-04,46.82622,-113.94515,0,17.391,33.836
"17.2015-07-23",17,2015-07-23,46.46541,-113.84467,0,0.12,40.233
"171.2014-08-22",171,2014-08-22,46.764,-113.72813,0,6.694,33.279
"172.2014-08-12",172,2014-08-12,46.76244,-113.73286,2.825,9.643,0
"173.2014-08-22",173,2014-08-22,46.76221,-113.72764,0,11.734,27.769
"174.2014-08-12",174,2014-08-12,46.76221,-113.73434,10.275,3.259,21.72
"175.2014-08-22",175,2014-08-22,46.75914,-113.73231,0.113,35.647,67.049
"176.2015-08-18",176,2015-08-18,46.85037,-113.89031,0,3.967,8.219
"179.2015-08-18",179,2015-08-18,46.85001,-113.89094,0,10.855,29.293
"18.2015-07-23",18,2015-07-23,46.46559,-113.84296,0,0.249,106.141
"19.2015-07-23",19,2015-07-23,46.46484,-113.844,0,0.23,40.465
"191.2015-08-04",191,2015-08-04,46.50952,-113.85642,0,0.267,21.989
"192.2015-08-04",192,2015-08-04,46.51348,-113.86186,0,0,15.333
"193.2015-08-04",193,2015-08-04,46.50922,-113.85912,0,0.055,52.25
"194.2015-08-03",194,2015-08-03,46.51368,-113.85712,0,0,22.597
"195.2015-08-04",195,2015-08-04,46.51026,-113.85789,0,0,8.275
"20.2015-07-21",20,2015-07-21,46.75143,-113.88459,0,2.896,181.171
"206.2014-08-26",206,2014-08-26,46.76406,-113.88225,0,0.406,36.604
"207.2014-08-26",207,2014-08-26,46.75041,-113.88361,0,4.277,24.936
"208.2014-08-26",208,2014-08-26,46.76282,-113.88194,0,5.402,53.3
"209.2014-08-26",209,2014-08-26,46.76299,-113.87981,0,30.081,53.094
"21.2015-07-21",21,2015-07-21,46.74842,-113.88261,0.296,10.051,26.668
"210.2014-08-26",210,2014-08-26,46.75955,-113.88116,0,0,6.075
"216.2015-08-03",216,2015-08-03,46.71538,-113.74931,0,9.944,0
"217.2015-08-03",217,2015-08-03,46.71454,-113.74426,0,2.933,300.141
"218.2015-08-03",218,2015-08-03,46.71438,-113.7466,0,0.93,171.762
"22.2015-07-21",22,2015-07-21,46.75237,-113.88403,0,16.575,33.115
"220.2015-08-03",220,2015-08-03,46.71367,-113.74107,0,5.614,5649.128
"221.2015-08-28",221,2015-08-28,46.64315,-113.76135,0,0,0.132
"222.2015-08-28",222,2015-08-28,46.64297,-113.76458,0,0,15.836
"223.2015-08-28",223,2015-08-28,46.64416,-113.76387,2.705,0.055,6.372
"224.2015-08-28",224,2015-08-28,46.64323,-113.76298,0,0,174.356
"231.2015-08-19",231,2015-08-19,46.32373,-113.89344,0,0,24.786
"232.2015-08-19",232,2015-08-19,46.32465,-113.88433,0,2.892,52.316
"233.2015-08-19",233,2015-08-19,46.32622,-113.88708,0,8.986,23.814
"234.2015-08-19",234,2015-08-19,46.3257,-113.89254,20.237,0.254,44.894
"235.2015-08-19",235,2015-08-19,46.32475,-113.89033,1.131,2.378,25.164
"237.2014-08-29",237,2014-08-29,46.2986,-113.8753,0,0,28.219
"238.2014-08-29",238,2014-08-29,46.3009,-113.87283,0.975,0,44.733
"239.2014-08-29",239,2014-08-29,46.29751,-113.87439,0,1.183,76.005
"24.2015-07-21",24,2015-07-21,46.74804,-113.88482,0,26.073,81.171
"240.2014-08-29",240,2014-08-29,46.29958,-113.87552,0.159,0.174,15.691
"244.2014-07-24",244,2014-07-24,46.53373,-113.84006,0,7.42,40.369
"245.2014-07-24",245,2014-07-24,46.5352,-113.83706,0,1.189,39.496
"246.2014-07-24",246,2014-07-24,46.53429,-113.83549,0,0.12,54.212
"25.2014-08-28",25,2014-08-28,46.75571,-113.84053,0,1.814,369.959
"26.2014-08-28",26,2014-08-28,46.75592,-113.84168,0,7.717,63.469
"265.2014-07-24",265,2014-07-24,46.53503,-113.83635,0,0.489,69.688
"266.2014-07-24",266,2014-07-24,46.53437,-113.83934,0,5.494,34.212
"267.2014-07-24",267,2014-07-24,46.53641,-113.84325,0,5.143,19.735
"268.2014-07-29",268,2014-07-29,46.53565,-113.83601,0,0.166,16.401
"269.2014-07-29",269,2014-07-29,46.53553,-113.83736,0,2.212,32.934
"27.2014-08-28",27,2014-08-28,46.75481,-113.84254,0,7.71,129.264
"270.2015-08-06",270,2015-08-06,46.43407,-113.88264,0,0.47,28.36
"279.2015-08-31",279,2015-08-31,46.71571,-114.05119,0,10.451,0
"28.2014-08-28",28,2014-08-28,46.75267,-113.84751,0,2.031,588.125
"280.2015-08-31",280,2015-08-31,46.71033,-114.04875,0.691,28.56,7.356
"281.2015-08-21",281,2015-08-21,46.70929,-114.04823,1.731,7.931,5.14
"282.2015-08-21",282,2015-08-21,46.71202,-114.05093,0,31.893,0
"283.2015-08-21",283,2015-08-21,46.71463,-114.05174,1.335,9.458,4.915
"284.2015-07-16",284,2015-07-16,46.67134,-114.04623,6.201,118.114,0
"285.2015-07-16",285,2015-07-16,46.67068,-114.04744,0,24.157,0
"286.2015-08-17",286,2015-08-17,46.56088,-114.09387,1.151,35.628,0
"287.2015-08-17",287,2015-08-17,46.55975,-114.09467,3.278,19.494,11.986
"288.2015-08-17",288,2015-08-17,46.56188,-114.09169,4.416,7.548,0
"289.2015-08-17",289,2015-08-17,46.56226,-114.08987,2.07,31.419,0
"29.2014-08-28",29,2014-08-28,46.75507,-113.84368,0,6.154,548.148
"291.2014-08-14",291,2014-08-14,46.56311,-114.09344,0.634,47.121,0
"293.2015-08-17",293,2015-08-17,46.57625,-114.06801,2.593,63.661,0
"294.2014-08-14",294,2014-08-14,46.56623,-114.08849,0.202,2.081,0
"300.2014-07-17",300,2014-07-17,46.85456,-113.88437,19.259,64.324,51.249
"301.2014-07-17",301,2014-07-17,46.85576,-113.88226,45.214,2.88,23.206
"302.2014-07-22",302,2014-07-22,46.85487,-113.88049,1.004,19.869,0
"303.2014-07-17",303,2014-07-17,46.85896,-113.8836,8.17,59.353,64.312
"304.2014-07-17",304,2014-07-17,46.85752,-113.88326,4.21,35.393,0
"305.2014-08-04",305,2014-08-04,46.81895,-114.01316,0,53.109,0
"306.2014-08-04",306,2014-08-04,46.81926,-114.00811,13.044,54.915,72.836
"307.2014-08-04",307,2014-08-04,46.8189,-114.00503,0.212,37.08,3.344
"308.2014-08-04",308,2014-08-04,46.81803,-114.00515,0,17.65,0
"309.2014-08-04",309,2014-08-04,46.81756,-114.01095,0.204,41.537,0
"310.2014-08-11",310,2014-08-11,46.74095,-114.03402,9.266,14.126,0
"311.2014-08-11",311,2014-08-11,46.74438,-114.03027,0,20.178,0
"312.2014-08-11",312,2014-08-11,46.74489,-114.03087,0,37.695,0
"313.2014-08-11",313,2014-08-11,46.73975,-114.03489,0,43.14,0
"314.2014-08-11",314,2014-08-11,46.73979,-114.03214,0.834,17.962,0
"315.2014-08-25",315,2014-08-25,46.60107,-113.93311,36.299,19.426,0
"316.2014-08-25",316,2014-08-25,46.60118,-113.93414,9.846,18.63,0
"318.2014-08-25",318,2014-08-25,46.60221,-113.93151,0.36,41.971,0
"319.2014-08-25",319,2014-08-25,46.60287,-113.93461,0.869,15.933,0
"322.2014-06-09",322,2014-06-09,46.55935,-113.93347,13.243,35.043,0
"322.2014-06-30",322,2014-06-30,46.55931,-113.93343,1.772,21.358,0
"322.2014-09-04",322,2014-09-04,46.55929,-113.93347,0.825,62.717,0
"323.2014-06-09",323,2014-06-09,46.56231,-113.93115,0,31.381,0
"323.2014-06-30",323,2014-06-30,46.56235,-113.93132,0,42.004,0
"323.2014-09-04",323,2014-09-04,46.56236,-113.93118,1.224,24.053,0
"325.2014-05-27",325,2014-05-27,46.73416,-114.04424,0,36.752,0
"325.2014-06-16",325,2014-06-16,46.7341,-114.0443,0,18.973,0
"325.2014-07-10",325,2014-07-10,46.73384,-114.04421,2.305,49.065,0
"325.2014-08-12",325,2014-08-12,46.73423,-114.0443,5.219,23.766,0
"325.2014-09-03",325,2014-09-03,46.7342,-114.04419,0.962,47.722,0
"325.2014-09-22",325,2014-09-22,46.73427,-114.04416,0.758,11.178,0
"325.2015-05-25",325,2015-05-25,46.73433,-114.0443,3.439,6.27,0
"325.2015-06-15",325,2015-06-15,46.73513,-114.04433,18.974,35.751,0
"325.2015-07-06",325,2015-07-06,46.73444,-114.04447,5.455,13.241,0
"325.2015-08-05",325,2015-08-05,46.73476,-114.04418,0.593,2.452,0
"325.2015-09-11",325,2015-09-11,46.73437,-114.04459,0,1.642,0
"325.2015-09-23",325,2015-09-23,46.73497,-114.04446,0.862,4.279,0
"326.2014-05-20",326,2014-05-20,46.73136,-114.04718,0,6.67,0
"326.2014-06-16",326,2014-06-16,46.73125,-114.04698,0,27.128,0
"326.2014-07-10",326,2014-07-10,46.73114,-114.04684,5.471,23.141,0
"326.2014-08-12",326,2014-08-12,46.73131,-114.04638,1.306,20.861,0
"326.2014-09-03",326,2014-09-03,46.73128,-114.04642,0.545,15.931,0
"326.2014-09-22",326,2014-09-22,46.73129,-114.04602,3.19,9.175,0
"326.2015-05-25",326,2015-05-25,46.73878,-114.04847,0,11.271,0
"326.2015-06-15",326,2015-06-15,46.73121,-114.04745,0.039,15.23,0
"326.2015-07-06",326,2015-07-06,46.73127,-114.04739,0,11.824,0
"326.2015-08-05",326,2015-08-05,46.7313,-114.04746,0.143,9.226,0
"326.2015-09-11",326,2015-09-11,46.73127,-114.04668,2.977,9.719,0
"326.2015-09-23",326,2015-09-23,46.73131,-114.0463,0.097,3.515,0
"327.2014-08-12",327,2014-08-12,46.73249,-114.04685,2.966,15.351,0
"328.2014-08-12",328,2014-08-12,46.73017,-114.0434,0,16.585,0
"329.2014-08-12",329,2014-08-12,46.73307,-114.04445,3.497,16.465,0
"330.2014-07-23",330,2014-07-23,46.67785,-113.9848,12.534,9.062,0
"331.2014-07-21",331,2014-07-21,46.67797,-113.99229,1.296,14.863,0
"332.2014-07-23",332,2014-07-23,46.67725,-113.9901,0.1,28.493,0
"333.2014-07-23",333,2014-07-23,46.67916,-113.99017,15.581,73.093,0
"334.2014-07-23",334,2014-07-23,46.67994,-113.98594,3.891,25.712,0
"335.2014-07-21",335,2014-07-21,46.58601,-113.91708,28.761,19.523,0
"336.2014-07-21",336,2014-07-21,46.58572,-113.91917,46.799,29.825,0
"337.2014-07-21",337,2014-07-21,46.58648,-113.92349,11.266,15.342,0
"338.2014-07-21",338,2014-07-21,46.58517,-113.91833,6.397,45.459,0
"339.2014-07-21",339,2014-07-21,46.58248,-113.91828,0.45,37.577,0
"340.2014-05-21",340,2014-05-21,46.84127,-113.96401,0.885,24.082,0
"340.2014-06-16",340,2014-06-16,46.84126,-113.9641,0.264,21.899,0
"340.2014-07-10",340,2014-07-10,46.84137,-113.96417,0.09,48.196,0
"340.2014-08-13",340,2014-08-13,46.84142,-113.96408,28.275,31.431,0
"340.2014-09-03",340,2014-09-03,46.84122,-113.96413,0,19.165,0
"340.2014-09-22",340,2014-09-22,46.84123,-113.96412,31.307,42.095,0
"340.2015-05-27",340,2015-05-27,46.84117,-113.96439,40.222,17.582,0
"340.2015-06-16",340,2015-06-16,46.84111,-113.96444,30.135,22.986,0
"340.2015-07-06",340,2015-07-06,46.84105,-113.96443,3.145,22.316,0
"340.2015-08-07",340,2015-08-07,46.84105,-113.95497,0,11.972,0
"340.2015-09-09",340,2015-09-09,46.84108,-113.96459,17.555,31.299,0
"340.2015-09-23",340,2015-09-23,46.84123,-113.96467,9.928,14.364,0
"341.2014-08-13",341,2014-08-13,46.83897,-113.96428,0,58.07,0
"342.2014-08-13",342,2014-08-13,46.84326,-113.96555,29.93,39.739,0
"343.2014-08-13",343,2014-08-13,46.84142,-113.96652,47.088,44.816,0
"344.2014-05-21",344,2014-05-21,46.84126,-113.9663,5.624,54.097,0
"344.2014-06-16",344,2014-06-16,46.84116,-113.96613,12.008,33.258,0
"344.2014-07-10",344,2014-07-10,46.84121,-113.96613,3.093,26.985,0
"344.2014-08-13",344,2014-08-13,46.84119,-113.96618,17.21,98.64,0
"344.2014-09-03",344,2014-09-03,46.84124,-113.96619,6.703,25.028,0
"344.2014-09-22",344,2014-09-22,46.84115,-113.96631,8.887,34.646,0
"344.2015-05-27",344,2015-05-27,46.84122,-113.96622,79.71,19.118,0
"344.2015-06-16",344,2015-06-16,46.84117,-113.96619,14.228,11.805,0
"344.2015-07-06",344,2015-07-06,46.84121,-113.96624,16.222,21.817,0
"344.2015-08-07",344,2015-08-07,46.84121,-113.96618,10.134,17.529,0
"344.2015-09-09",344,2015-09-09,46.84119,-113.96623,15.444,109.58,0
"344.2015-09-23",344,2015-09-23,46.84148,-113.96632,5.736,19.282,0
"345.2015-07-23",345,2015-07-23,46.74979,-113.9958,1.115,32.25,0
"346.2015-07-23",346,2015-07-23,46.74811,-113.99476,1.444,15.907,0
"347.2015-07-23",347,2015-07-23,46.74886,-113.99039,4.146,14.915,0
"348.2015-07-23",348,2015-07-23,46.774878,-113.99663,0.555,14.479,0
"349.2015-07-23",349,2015-07-23,46.74932,-113.99974,8.147,30.314,0
"35.2015-08-20",35,2015-08-20,46.75543,-113.89018,0.475,21.771,0
"359.2014-07-23",359,2014-07-23,46.54897,-113.92075,5.904,56.927,0
"36.2015-08-20",36,2015-08-20,46.75427,-113.89183,0.435,16.694,15.116
"360.2014-07-23",360,2014-07-23,46.54829,-113.91525,15.881,33.185,0
"361.2014-07-23",361,2014-07-23,46.54881,-113.91163,0,4.394,0
"362.2014-07-23",362,2014-07-23,46.54768,-113.91892,0,30.725,0
"363.2014-07-23",363,2014-07-23,46.55149,-113.91377,0,28.978,0
"364.2014-05-26",364,2014-05-26,46.53965,-113.90561,33.878,4.989,0
"364.2014-06-16",364,2014-06-16,46.53973,-113.90564,36.751,25.348,0
"364.2014-07-09",364,2014-07-09,46.53983,-113.90572,4.684,20.938,0
"364.2014-08-18",364,2014-08-18,46.53974,-113.90571,1.496,24.722,5.725
"364.2014-09-03",364,2014-09-03,46.53972,-113.90562,4.672,40.713,3.757
"364.2014-09-22",364,2014-09-22,46.53968,-113.90581,9.504,20.075,18.102
"364.2015-05-26",364,2015-05-26,46.54071,-113.90608,43.215,10.902,0
"364.2015-06-17",364,2015-06-17,46.54065,-113.90629,38.265,8.392,0
"364.2015-07-07",364,2015-07-07,46.53964,-113.90565,26.944,8.538,0
"364.2015-08-06",364,2015-08-06,46.53951,-113.90578,0.263,22.599,0
"364.2015-09-09",364,2015-09-09,46.53953,-113.90575,11.357,24.785,25.054
"364.2015-09-23",364,2015-09-23,46.5397,-113.90573,0.552,14.956,9.234
"366.2014-08-18",366,2014-08-18,46.53877,-113.90142,0.534,34.344,109.233
"367.2014-05-26",367,2014-05-26,46.5405,-113.90747,2.62,23.727,0
"367.2014-06-16",367,2014-06-16,46.54047,-113.90749,0,46.172,0
"367.2014-07-09",367,2014-07-09,46.54052,-113.90768,0.74,77.011,0
"367.2014-08-18",367,2014-08-18,46.54051,-113.90769,8.926,19.823,0
"367.2014-09-03",367,2014-09-03,46.54046,-113.90775,21.817,16.016,0
"367.2014-09-22",367,2014-09-22,46.54051,-113.90759,25.502,18.685,0
"367.2015-05-26",367,2015-05-26,46.54037,-113.90759,45.541,4.461,0
"367.2015-06-17",367,2015-06-17,46.54086,-113.90745,47.009,3.917,0
"367.2015-07-07",367,2015-07-07,46.54054,-113.90762,30.471,25.348,0
"367.2015-08-06",367,2015-08-06,46.54042,-113.90758,69.388,23.089,0
"367.2015-09-09",367,2015-09-09,46.54045,-113.90769,4.058,13.137,0
"367.2015-09-23",367,2015-09-23,46.54044,-113.90762,5.652,10.66,0
"368.2014-08-18",368,2014-08-18,46.53994,-113.90354,3.115,8.077,292.992
"369.2014-07-23",369,2014-07-23,46.55111,-113.91043,0,17.423,0
"37.2015-08-20",37,2015-08-20,46.75664,-113.88744,0.454,33.216,0
"370.2014-07-23",370,2014-07-23,46.54789,-113.90875,0,5.786,0
"371.2014-07-23",371,2014-07-23,46.55131,-113.91312,0,30.653,0
"372.2014-07-23",372,2014-07-23,46.54943,-113.91152,0,16.607,0
"373.2014-07-23",373,2014-07-23,46.55038,-113.91436,0,43.947,0
"374.2014-07-18",374,2014-07-18,46.49702,-113.95142,11.454,19.185,0
"375.2014-07-17",375,2014-07-17,46.49302,-113.95524,2.691,9.745,0
"376.2014-07-17",376,2014-07-17,46.49224,-113.95683,0.028,43.003,0
"377.2014-07-17",377,2014-07-17,46.4953,-113.95357,0,30.196,0
"378.2014-07-18",378,2014-07-18,46.49699,-113.95315,0.524,25.573,0
"379.2015-07-15",379,2015-07-15,46.5325,-113.92049,35.615,42.304,0
"380.2015-07-15",380,2015-07-15,46.53278,-113.91516,5.176,39.935,0
"381.2015-07-15",381,2015-07-15,46.53472,-113.91675,0,62.465,0
"382.2015-07-15",382,2015-07-15,46.53599,-113.91744,0,67.249,0
"383.2015-07-15",383,2015-07-15,46.53245,-113.91562,0,71.353,0
"384.2015-08-05",384,2015-08-05,46.59157,-113.90462,6.532,7.076,0
"385.2015-08-05",385,2015-08-05,46.58943,-113.90398,1.279,4.619,51.962
"386.2015-08-05",386,2015-08-05,46.59114,-113.90322,30.261,19.544,0
"387.2015-08-05",387,2015-08-05,46.59042,-113.90754,20.1,5.845,0
"39.2015-08-20",39,2015-08-20,46.75302,-113.88892,0.7,34.067,5.652
"40.2015-08-19",40,2015-08-19,46.32041,-113.89397,33.738,0.555,173.294
"401.2014-07-18",401,2014-07-18,46.49725,-113.94418,10.118,122.963,0
"402.2014-07-18",402,2014-07-18,46.49677,-113.93938,5.734,9.575,0
"41.2015-08-19",41,2015-08-19,46.3187,-113.89884,5.912,6.885,0
"42.2015-08-19",42,2015-08-19,46.31865,-113.89635,17.41,10.561,40.257
"425.2014-08-27",425,2014-08-27,46.7585,-113.84092,0,0.184,26.963
"426.2014-08-27",426,2014-08-27,46.75075,-113.83784,0,0,39.048
"427.2014-08-27",427,2014-08-27,46.74941,-113.84135,1.763,1.845,632.007
"428.2014-08-27",428,2014-08-27,46.74943,-113.84239,6.894,4.188,33.453
"429.2014-08-27",429,2014-08-27,46.74632,-113.84281,0,0,45.153
"43.2015-08-19",43,2015-08-19,46.31702,-113.90178,0,0.229,0
"430.2015-07-24",430,2015-07-24,46.5074,-113.84422,0,1.005,102.444
"431.2015-07-24",431,2015-07-24,46.50759,-113.8444,0,1.558,55.306
"432.2015-07-24",432,2015-07-24,46.50798,-113.84262,0,7.254,104.318
"444.2015-07-24",444,2015-07-24,46.73114,-113.70055,24.159,5.369,14.975
"445.2015-07-24",445,2015-07-24,46.73228,-113.70097,1.195,44.33,13.382
"446.2015-07-24",446,2015-07-24,46.73322,-113.70151,12.766,23.362,1.597
"447.2014-08-28",447,2014-08-28,46.61642,-113.63516,0,6.087,31.467
"448.2014-08-28",448,2014-08-28,46.6153,-113.63059,0.602,0,22.635
"449.2014-08-28",449,2014-08-28,46.61782,-113.63422,10.487,46.846,76.477
"450.2014-08-28",450,2014-08-28,46.61702,-113.63814,0,7.365,0
"459.2014-08-22",459,2014-08-22,46.82028,-113.91412,0.913,16.742,242.7
"460.2014-08-07",460,2014-08-07,46.82284,-113.91335,0.118,0.771,156.301
"461.2014-08-15",461,2014-08-15,46.819,-113.90859,3.219,0,13.167
"462.2014-08-07",462,2014-08-07,46.82254,-113.91258,0.225,9.557,170.929
"464.2014-08-12",464,2014-08-12,46.76073,-113.73788,0,4.139,21.24
"465.2014-08-12",465,2014-08-12,46.76154,-113.73825,4.732,25.211,78.089
"466.2014-08-12",466,2014-08-12,46.7605,-113.7393,0,15.687,97.6
"467.2014-08-12",467,2014-08-12,46.76041,-113.73573,0,3.718,56.322
"468.2014-08-12",468,2014-08-12,46.76163,-113.73489,0.459,4.692,87.793
"473.2014-07-21",473,2014-07-21,46.57777,-113.92081,0,0.045,103.434
"475.2015-07-30",475,2015-07-30,46.57814,-113.65923,2.817,20.998,0
"476.2015-07-30",476,2015-07-30,46.58175,-113.66869,12.383,17.275,0
"477.2015-07-30",477,2015-07-30,46.58088,-113.66564,6.597,2.512,0
"481.2014-08-05",481,2014-08-05,46.73917,-113.98021,1.157,17.045,0
"482.2014-08-05",482,2014-08-05,46.73969,-113.98071,17.362,23.303,0
"483.2014-08-05",483,2014-08-05,46.73936,-113.98192,32.498,41.666,0
"484.2014-08-05",484,2014-08-05,46.74014,-113.98495,1.018,26.385,0
"485.2014-08-05",485,2014-08-05,46.74152,-113.9774,31.437,26.044,0
"486.2015-08-18",486,2015-08-18,46.60152,-113.990417,0.35,2.901,1.242
"488.2015-08-18",488,2015-08-18,46.60317,-113.9015,5.005,18.734,0
"493.2015-08-18",493,2015-08-18,46.58965,-113.90775,0.135,7.715,0
"495.2014-08-05",495,2014-08-05,46.74679,-113.98418,45.418,36.614,0
"496.2014-08-05",496,2014-08-05,46.74615,-113.98574,3.588,17.13,0
"497.2014-08-05",497,2014-08-05,46.74657,-113.98277,16.854,25.669,0
"498.2014-07-31",498,2014-07-31,46.7472,-113.98119,7.459,5.492,7.785
"499.2014-07-31",499,2014-07-31,46.74732,-113.97998,14.056,23.335,0
"5.2014-07-17",5,2014-07-17,46.45097,-113.83656,0.897,6.894,67.894
"505.2015-07-17",505,2015-07-17,46.53762,-113.89822,0,15.012,77.894
"506.2015-07-17",506,2015-07-17,46.53889,-113.8961,0.79,4.785,322.992
"507.2015-07-17",507,2015-07-17,46.53764,-113.89694,0.292,3.98,82.873
"508.2015-07-17",508,2015-07-17,46.53909,-113.90083,1.105,8.397,110.158
"509.2014-08-26",509,2014-08-26,46.51624,-113.85493,3.793,0,111.312
"511.2014-08-26",511,2014-08-26,46.51777,-113.85619,0,0,24.151
"512.2014-08-26",512,2014-08-26,46.51742,-113.85475,0,0,39.363
"513.2014-07-23",513,2014-07-23,46.54398,-113.91036,12.616,46.695,0
"514.2014-07-23",514,2014-07-23,46.54458,-113.91607,34.654,11.827,0
"516.2014-07-23",516,2014-07-23,46.5446,-113.91216,0.945,28.692,0
"522.2015-08-28",522,2015-08-28,46.72833,-113.74938,7.123,1.396,0
"523.2015-08-28",523,2015-08-28,46.72587,-113.74698,9.923,2.923,0
"524.2015-08-28",524,2015-08-28,46.72834,-113.75127,19.373,16.496,0
"525.2015-08-28",525,2015-08-28,46.72822,-113.75302,1.731,22.803,0
"527.2014-08-06",527,2014-08-06,46.74827,-113.96684,12.881,16.618,0
"528.2014-08-06",528,2014-08-06,46.74951,-113.96599,26.294,11.68,90.713
"529.2014-08-06",529,2014-08-06,46.7507,-113.9675,9.907,10.052,84.839
"530.2014-08-06",530,2014-08-06,46.74771,-113.96889,74.223,21.182,0
"5325.2015-08-05",5325,2015-08-05,46.73476,-114.04418,0.593,2.452,0
"5326.2015-08-05",5326,2015-08-05,46.7313,-114.04746,0.143,9.226,0
"5340.2015-08-07",5340,2015-08-07,46.84105,-113.95497,0,11.972,0
"5344.2015-08-07",5344,2015-08-07,46.84121,-113.96618,10.134,17.529,0
"5364.2015-08-06",5364,2015-08-06,46.53951,-113.90578,0.263,22.599,0
"5367.2015-08-06",5367,2015-08-06,46.54042,-113.90758,69.388,23.089,0
"538.2015-08-21",538,2015-08-21,46.57748,-113.82243,0,1.504,6.023
"539.2015-08-21",539,2015-08-21,46.57577,-113.82141,0,0.242,10.732
"540.2015-08-21",540,2015-08-21,46.57821,-113.82389,0,0,55.132
"541.2015-08-21",541,2015-08-21,46.57525,-113.82282,0.004,0.576,17.432
"548.2015-07-27",548,2015-07-27,46.39939,-113.69759,11.974,17.599,106.101
"550.2015-07-27",550,2015-07-27,46.40055,-113.70197,4.28,19.439,0
"551.2015-07-28",551,2015-07-28,46.39515,-113.68675,7.011,73.553,214.913
"552.2015-07-28",552,2015-07-28,46.39211,-113.68392,3.176,17.554,174.349
"554.2015-07-28",554,2015-07-28,46.39322,-113.68607,4.498,29.627,142.992
"567.2014-08-19",567,2014-08-19,46.69502,-113.79082,0.727,4.062,105.104
"569.2014-08-19",569,2014-08-19,46.69308,-113.79242,8.414,0,27.475
"570.2014-08-19",570,2014-08-19,46.69244,-113.79308,0.627,0,9.579
"571.2014-08-19",571,2014-08-19,46.69403,-113.79182,3.101,0,8.44
"573.2014-08-25",573,2014-08-25,46.71914,-113.9757,0,5.472,157.227
"575.2014-08-25",575,2014-08-25,46.71821,-113.97449,0,23.028,129.414
"577.2014-08-20",577,2014-08-20,46.70814,-113.90885,0.189,0,23.594
"580.2014-08-20",580,2014-08-20,46.70451,-113.90204,1.17,1.789,1.865
"581.2014-08-20",581,2014-08-20,46.7091,-113.90765,0.432,5.968,107.628
"592.2014-08-21",592,2014-08-21,46.76399,-113.81277,0.395,0,0
"593.2014-08-21",593,2014-08-21,46.76358,-113.81435,0,0,167.869
"594.2014-08-21",594,2014-08-21,46.76436,-113.80945,0.387,0,30.239
"595.2014-08-21",595,2014-08-21,46.76432,-113.80847,0.333,0,0
"605.2014-08-18",605,2014-08-18,46.76273,-113.82808,0,0,5.497
"606.2014-08-18",606,2014-08-18,46.7625,-113.82589,0,0,273.205
"609.2014-08-18",609,2014-08-18,46.76238,-113.82884,0.073,0,13.929
"613.2015-08-31",613,2015-08-31,46.39318,-113.89605,3.173,1.306,0
"614.2015-08-31",614,2015-08-31,46.39439,-113.89897,1.643,4.802,0
"616.2014-08-14",616,2014-08-14,46.60109,-113.85754,1.293,0,0.263
"617.2014-08-13",617,2014-08-13,46.60125,-113.85363,2.548,0,0
"618.2014-08-13",618,2014-08-13,46.59825,-113.85924,2.751,19.666,0
"619.2014-08-13",619,2014-08-13,46.60167,-113.8606,0.496,1.919,1.807
"620.2015-07-29",620,2015-07-29,46.43931,-113.74721,18.878,105.539,19.508
"621.2015-07-29",621,2015-07-29,46.43592,-113.74487,8.195,7.437,101.601
"623.2015-07-29",623,2015-07-29,46.43835,-113.74619,2.937,35.511,27.685
"628.2015-07-20",628,2015-07-20,46.75603,-114.00861,13.322,22.79,0
"629.2015-07-20",629,2015-07-20,46.7582,-114.00845,4.155,14.472,0
"630.2015-07-20",630,2015-07-20,46.75541,-114.0089,0.571,12.409,0
"631.2015-07-20",631,2015-07-20,46.75809,-114.01042,1.398,21.47,0
"632.2014-08-25",632,2014-08-25,46.67671,-113.76788,123.522,0.329,0.975
"633.2014-08-25",633,2014-08-25,46.67685,-113.76868,1.817,0,15.311
"634.2014-08-25",634,2014-08-25,46.67739,-113.77011,0.066,0,4.845
"635.2014-08-25",635,2014-08-25,46.67337,-113.76349,1.695,0.535,0
"646.2014-08-15",646,2014-08-15,46.81871,-113.90606,0,12.65,31.798
"648.2014-08-15",648,2014-08-15,46.81787,-113.90259,0,4.211,16.019
"649.2014-08-15",649,2014-08-15,46.82209,-113.91245,0.542,0.034,42.212
"658.2015-08-27",658,2015-08-27,46.46227,-113.91527,0.351,6.076,0
"659.2015-08-27",659,2015-08-27,46.46587,-113.9144,2.698,8.437,0
"66.2014-08-19",66,2014-08-19,46.72836,-113.8046,0,10.656,582.747
"660.2015-08-27",660,2015-08-27,46.46275,-113.91473,0,13.591,0
"671.2014-07-16",671,2014-07-16,46.46879,-113.90339,0.438,11.237,75.021
"672.2014-07-15",672,2014-07-15,46.47178,-113.90588,26.759,47.989,1.342
"673.2014-07-15",673,2014-07-15,46.47136,-113.90338,0.104,65.049,99.06
"674.2014-07-16",674,2014-07-16,46.47029,-113.90378,0.319,34.435,240.084
"675.2014-07-15",675,2014-07-15,46.47511,-113.90041,3.812,7.276,302.458
"676.2014-07-15",676,2014-07-15,46.47388,-113.89763,9.346,25.458,429.871
"677.2014-07-15",677,2014-07-15,46.47257,-113.89734,9.927,6.572,167.734
"678.2014-07-15",678,2014-07-15,46.47577,-113.89534,10.212,44.948,0
"68.2014-08-22",68,2014-08-22,46.72944,-113.80245,1.559,13.921,0
"680.2014-07-09",680,2014-07-09,46.66172,-113.84101,17.3,57.842,0
"680.2014-09-04",680,2014-09-04,46.66168,-113.84107,28.986,16.09,0
"680.2014-09-23",680,2014-09-23,46.66159,-113.84119,39.072,59.769,0
"680.2015-06-01",680,2015-06-01,46.66152,-113.84124,17.66,15.753,0
"680.2015-06-17",680,2015-06-17,46.66145,-113.84138,17.955,41.652,0
"680.2015-07-02",680,2015-07-02,46.66164,-113.84109,19.248,8.867,0
"680.2015-08-07",680,2015-08-07,46.66162,-113.84113,49.771,21.984,0
"680.2015-09-09",680,2015-09-09,46.66157,-113.84124,15.063,21.539,0
"680.2015-09-23",680,2015-09-23,46.66156,-113.84119,14.781,21.289,0
"681.2014-06-23",681,2014-06-23,46.47952,-113.90017,7.216,33.721,56.491
"681.2014-07-10",681,2014-07-10,46.47952,-113.90019,2.328,51.636,113.149
"681.2014-09-04",681,2014-09-04,46.48007,-113.9001,6.213,30.22,11.996
"681.2014-09-23",681,2014-09-23,46.47942,-113.90022,0.683,45.211,73.679
"681.2015-05-28",681,2015-05-28,46.47952,-113.9002,1.471,17.061,3.743
"681.2015-06-16",681,2015-06-16,46.47949,-113.90022,5.945,25.261,33.846
"681.2015-07-03",681,2015-07-03,46.47948,-113.90025,14.035,21.182,43.28
"681.2015-08-07",681,2015-08-07,46.47948,-113.90023,3.405,22.496,3.746
"681.2015-09-09",681,2015-09-09,46.47948,-113.90025,3.465,21.334,36.678
"681.2015-09-23",681,2015-09-23,46.47951,-113.90017,6.328,48.14,44.289
"682.2015-05-20",682,2015-05-20,46.69057,-113.98768,1.224,33.798,0
"682.2015-06-15",682,2015-06-15,46.69077,-113.9876,0.739,46.144,0
"682.2015-07-02",682,2015-07-02,46.69082,-113.98754,4.302,30.015,0
"682.2015-07-15",682,2015-07-15,46.69076,-113.98753,6.636,46.132,0
"682.2015-09-09",682,2015-09-09,46.69057,-113.98795,0.943,35.749,0
"682.2015-09-23",682,2015-09-23,46.69087,-113.9875,0.717,51.942,0
"683.2015-07-15",683,2015-07-15,46.69654,-113.98652,5.934,16.91,0
"684.2015-07-15",684,2015-07-15,46.79721,-113.98616,33.985,9.594,0
"685.2015-07-15",685,2015-07-15,46.69594,-113.987787,1.103,30.059,0
"686.2015-05-20",686,2015-05-20,46.68989,-113.9894,1.144,30.898,0
"686.2015-06-15",686,2015-06-15,46.69022,-113.98927,3.208,33.163,0
"686.2015-07-02",686,2015-07-02,46.69028,-113.98894,1.431,53.941,0
"686.2015-07-15",686,2015-07-15,46.69015,-113.98923,5.713,66.606,0
"686.2015-09-09",686,2015-09-09,46.68994,-113.98943,5.027,38.39,0
"686.2015-09-23",686,2015-09-23,46.69026,-113.98891,0.271,48.57,0
"69.2014-08-19",69,2014-08-19,46.73069,-113.79951,0.317,38.428,112.431
"690.2015-08-25",690,2015-08-25,46.69543,-113.98164,15.478,13.555,0
"691.2015-08-25",691,2015-08-25,46.69527,-113.9794,5.155,34.81,0
"692.2015-08-25",692,2015-08-25,46.69859,-113.98097,2.794,24.922,0
"693.2015-08-25",693,2015-08-25,46.6964,-113.97946,10.876,14.829,0
"694.2015-08-25",694,2015-08-25,46.6974,-113.98276,3.091,31.14,0
"695.2015-08-25",695,2015-08-25,46.70141,-113.99933,0.393,36.462,43.039
"696.2015-08-25",696,2015-08-25,46.70232,-113.99872,11.564,10.574,0
"697.2015-08-25",697,2015-08-25,46.69898,-113.99938,2.185,15.308,0
"698.2015-08-25",698,2015-08-25,46.69907,-113.99992,0.254,27.891,0
"699.2015-08-25",699,2015-08-25,46.69914,-114.0002,0.002,58.088,0
"7.2014-07-17",7,2014-07-17,46.45158,-113.83524,0,13.682,238.96
"70.2014-08-19",70,2014-08-19,46.73029,-113.80087,2.817,23.779,7.478
"700.2014-07-28",700,2014-07-28,46.00791,-114.0382,4.487,18.172,71.385
"701.2014-07-29",701,2014-07-29,46.00204,-114.03886,20.898,13.956,53.701
"702.2014-07-29",702,2014-07-29,46.0072,-114.03786,4.564,18.073,188.566
"703.2014-07-29",703,2014-07-29,46.00219,-114.0345,14.62,18.265,0
"709.2014-07-30",709,2014-07-30,45.97632,-114.0332,22.206,5.292,92.417
"71.2014-07-18",71,2014-07-18,46.47168,-113.90021,1.166,4.248,35.628
"711.2014-07-30",711,2014-07-30,45.97599,-114.03381,3.085,11.519,55.865
"712.2014-07-30",712,2014-07-30,45.97337,-114.03531,0,7.141,113.822
"713.2014-07-29",713,2014-07-29,45.97512,-114.02995,0.993,7.521,101.934
"719.2014-07-29",719,2014-07-29,46.00475,-114.03681,18.492,25.059,18.608
"72.2014-07-16",72,2014-07-16,46.47109,-113.90275,80.484,8.386,14.076
"720.2014-07-29",720,2014-07-29,45.99997,-114.03149,0.939,14.936,92.063
"722.2014-07-29",722,2014-07-29,46.00112,-114.03711,15.784,13.173,0
"723.2014-07-28",723,2014-07-28,46.00322,-114.02902,1.971,18.118,67.744
"724.2015-08-12",724,2015-08-12,45.96105,-113.99289,1.52,10.821,71.963
"725.2015-08-12",725,2015-08-12,45.96274,-113.99464,9.254,8.415,17.135
"726.2015-08-12",726,2015-08-12,45.96098,-113.99016,1.977,14.915,101.598
"727.2015-08-12",727,2015-08-12,45.96177,-113.99775,8.954,1.577,82.44
"728.2015-08-12",728,2015-08-12,45.95926,-113.99715,4.483,10.731,94.672
"73.2014-07-15",73,2014-07-15,46.47003,-113.90546,29.713,27.415,62.568
"734.2014-08-27",734,2014-08-27,46.66298,-113.81784,0,18.038,26.014
"736.2014-08-27",736,2014-08-27,46.66279,-113.81516,0.12,11.012,36.254
"74.2014-07-16",74,2014-07-16,46.46745,-113.90321,2.768,16.479,19.848
"75.2014-07-18",75,2014-07-18,46.47018,-113.89885,0,47.46,18.413
"789.2014-08-21",789,2014-08-21,46.1199,-114.02909,3.187,7.59,175.512
"790.2014-08-21",790,2014-08-21,46.11963,-114.02577,0,39.742,52.887
"791.2014-08-21",791,2014-08-21,46.11875,-114.02837,0,20.463,88.513
"793.2014-08-21",793,2014-08-21,46.11995,-114.02791,4.196,9.179,194.583
"794.2014-07-31",794,2014-07-31,45.9603,-113.95188,10.965,10.604,55.82
"795.2014-07-31",795,2014-07-31,45.95848,-113.95455,25.559,16.375,86.199
"796.2014-07-31",796,2014-07-31,45.96429,-113.95483,7.362,6.187,33.432
"797.2014-07-30",797,2014-07-30,45.96253,-113.95618,18.945,6.731,55.929
"798.2014-07-30",798,2014-07-30,45.96472,-113.95681,8.797,4.949,3.598
"799.2014-07-25",799,2014-07-25,46.67288,-113.85159,7.978,16.946,3.296
"8.2014-08-29",8,2014-08-29,46.57524,-113.82969,0,1.412,31.366
"800.2014-07-25",800,2014-07-25,46.67424,-113.85197,0,2.802,107.893
"802.2014-07-25",802,2014-07-25,46.67451,-113.85398,18.836,6.844,9.478
"824.2015-08-12",824,2015-08-12,45.86584,-114.06641,9.725,5.867,8.78
"825.2015-08-12",825,2015-08-12,45.86891,-114.06466,2.916,79.353,126.596
"826.2015-08-12",826,2015-08-12,45.86853,-114.0713,16.249,6.678,0
"827.2015-08-12",827,2015-08-12,45.86814,-114.06842,17.49,72.683,0
"828.2015-08-12",828,2015-08-12,45.87001,-114.07207,8.442,45.088,72.685
"844.2014-07-24",844,2014-07-24,46.68078,-113.84947,5.004,5.243,0
"845.2014-07-24",845,2014-07-24,46.67574,-113.84538,0.107,28.672,166.506
"846.2014-07-24",846,2014-07-24,46.67968,-113.84648,12.059,7.153,0
"847.2014-07-24",847,2014-07-24,46.67391,-113.84928,5.683,30.215,0
"848.2014-07-24",848,2014-07-24,46.67801,-113.84769,0,0,126.419
"864.2014-08-07",864,2014-08-07,45.51828,-114.27199,0,3.456,6.945
"865.2014-08-07",865,2014-08-07,45.51844,-114.27027,0,4.267,2.849
"866.2014-08-07",866,2014-08-07,45.51993,-114.26964,0,0,0.23
"868.2014-08-07",868,2014-08-07,45.5177,-114.27084,0,19.443,25.829
"869.2014-08-06",869,2014-08-06,45.5062,-114.29494,0,47.344,0
"871.2014-08-06",871,2014-08-06,45.50696,-114.29214,0,4.865,0.234
"872.2014-08-06",872,2014-08-06,45.50668,-114.29417,1.212,25.456,0
"873.2014-08-06",873,2014-08-06,45.50997,-114.29215,7.151,28.707,0
"874.2014-08-05",874,2014-08-05,45.535,-114.27717,3.253,19.722,0
"875.2014-08-05",875,2014-08-05,45.53924,-114.27872,0,8.737,10.147
"876.2014-08-05",876,2014-08-05,45.53409,-114.27755,0,2.392,0.416
"877.2014-08-05",877,2014-08-05,45.53487,-114.27888,0,3.583,2.105
"878.2014-08-05",878,2014-08-05,45.53849,-114.27773,0,0,0.049
"880.2015-08-10",880,2015-08-10,45.50676,-114.47188,0,5.243,17.692
"881.2015-08-10",881,2015-08-10,45.50957,-114.47127,0,3.57,0.853
"882.2015-08-10",882,2015-08-10,45.51002,-114.47165,0,45.386,0
"883.2015-08-10",883,2015-08-10,45.50615,-114.47071,0.939,8.85,7.525
"884.2015-08-14",884,2015-08-14,46.25985,-113.7969,1.53,33.584,34.316
"885.2015-08-13",885,2015-08-13,46.25591,-113.80064,0,10.767,2.756
"886.2015-08-14",886,2015-08-14,46.26096,-113.8037,0,34.143,5.819
"887.2015-08-14",887,2015-08-14,46.26071,-113.80275,0,48.183,7.809
"888.2015-08-13",888,2015-08-13,46.25534,-113.80052,0,3.113,87.021
"889.2014-08-14",889,2014-08-14,46.32203,-114.23936,5.178,15.688,45.465
"891.2014-08-14",891,2014-08-14,46.32191,-114.24082,0,46.715,31.143
"892.2014-08-14",892,2014-08-14,46.3197,-114.2416,8.932,13.356,113.902
"894.2014-08-15",894,2014-08-15,46.32518,-114.25037,6.907,35.711,35.169
"896.2014-08-15",896,2014-08-15,46.32701,-114.24855,0,11.209,90.886
"898.2014-08-15",898,2014-08-15,46.32578,-114.2494,12.353,52.024,0
"907.2015-08-13",907,2015-08-13,46.24067,-113.84244,1.134,0.668,59.906
"908.2015-08-13",908,2015-08-13,46.24282,-113.84296,1.077,0,0
"909.2015-08-13",909,2015-08-13,46.24371,-113.84347,1.862,5.522,31.307
"91.2015-07-20",91,2015-07-20,46.75959,-114.00965,0,5.965,132.074
"911.2015-08-13",911,2015-08-13,46.24444,-113.84091,0.462,4.636,17.468
"912.2014-08-04",912,2014-08-04,45.53302,-114.35481,0,43.458,1.269
"913.2014-08-04",913,2014-08-04,45.52856,-114.35652,0,8.601,3.336
"914.2014-08-04",914,2014-08-04,45.53152,-114.35424,0,7.795,4.825
"916.2014-08-04",916,2014-08-04,45.53012,-114.35418,22.7,28.697,0
"917.2015-08-10",917,2015-08-10,45.55156,-114.36772,0,3.148,27.33
"918.2015-08-10",918,2015-08-10,45.55122,-114.36885,0,24.074,33.538
"919.2015-08-10",919,2015-08-10,45.55272,-114.36653,0,8.397,688.544
"92.2015-07-20",92,2015-07-20,46.76003,-114.01147,0,9.451,109.599
"920.2015-08-10",920,2015-08-10,45.55212,-114.36637,0,14.066,10.959
"93.2015-07-20",93,2015-07-20,46.75769,-114.00597,0,7.521,4.004
"933.2014-07-16",933,2014-07-16,46.77056,-114.21252,1.433,0.374,0
"934.2014-07-16",934,2014-07-16,46.77007,-114.21509,9.514,0.009,0
"935.2014-07-16",935,2014-07-16,46.76886,-114.21172,0,3.349,0
"94.2015-07-20",94,2015-07-20,46.75998,-114.00498,0.144,1.1,79.014
"95.2015-07-20",95,2015-07-20,46.76011,-114.00355,0.52,29.607,131.967
"950.2014-08-01",950,2014-08-01,46.71062,-114.03927,0,0.842,0
"951.2014-08-20",951,2014-08-20,46.68518,-114.03336,1.814,8.839,0
"952.2014-08-18",952,2014-08-18,46.67215,-114.01369,0.977,0,0
"953.2014-08-08",953,2014-08-08,46.67406,-114.02348,0.134,8.224,0
"954.2014-08-07",954,2014-08-07,46.68086,-114.02947,0,1.574,0
"955.2014-08-18",955,2014-08-18,46.68067,-114.02991,0,0.884,0
"956.2014-08-08",956,2014-08-08,46.68763,-114.03329,0,21.32,0
"957.2014-08-08",957,2014-08-08,46.68937,-114.03595,0,21.908,0
"958.2014-08-20",958,2014-08-20,46.67247,-114.02587,0,11.381,0
"959.2014-08-22",959,2014-08-22,46.68652,-114.03611,177.716,0,0
"960.2014-08-22",960,2014-08-22,46.68537,-114.03608,284.684,0,0
"961.2014-08-20",961,2014-08-20,46.67225,-114.02493,0,56.905,0
