"PlotVisit","GDM","BIOMASS","PlotID","Date","Latitude","Longitude","PlotYear"
"10.2014-08-29",128.497,253.173,10,2014-08-29,46.57791,-113.82738,"10.2014"
"1016.2015-08-26",38.945,62.456,1016,2015-08-26,46.45785,-113.76855,"1016.2015"
"1017.2015-08-26",49.145,81.431,1017,2015-08-26,46.45856,-113.76639,"1017.2015"
"1018.2015-08-26",14.707,22.606,1018,2015-08-26,46.457755,-113.7694,"1018.2015"
"1019.2015-08-26",56.724,97.063,1019,2015-08-26,46.45834,-113.76865,"1019.2015"
"1020.2015-08-26",22.434,38.824,1020,2015-08-26,46.45783,-113.76779,"1020.2015"
"1022.2015-07-28",27.401,39.505,1022,2015-07-28,46.41864,-113.69937,"1022.2015"
"1023.2015-07-28",9.893,14.433,1023,2015-07-28,46.41848,-113.70033,"1023.2015"
"1026.2015-07-29",37.262,73.55,1026,2015-07-29,46.45065,-113.6879,"1026.2015"
"1028.2015-07-29",55.363,109.279,1028,2015-07-29,46.45114,-113.68591,"1028.2015"
"1034.2015-07-28",17.243,25.922,1034,2015-07-28,46.50418,-113.74872,"1034.2015"
"1035.2015-07-28",49.008,76.781,1035,2015-07-28,46.5065,-113.75257,"1035.2015"
"1036.2015-07-17",46.541,66.843,1036,2015-07-17,46.55299,-113.8561,"1036.2015"
"1037.2015-07-17",22.952,33.011,1037,2015-07-17,46.55295,-113.8577,"1037.2015"
"1038.2015-07-17",56.024,87.641,1038,2015-07-17,46.55197,-113.85443,"1038.2015"
"1039.2015-07-17",25.65,38.613,1039,2015-07-17,46.5524,-113.85568,"1039.2015"
"1040.2015-07-17",8.418,12.046,1040,2015-07-17,46.55205,-113.85761,"1040.2015"
"1041.2015-08-13",134.065,194.958,1041,2015-08-13,46.16954,-113.95236,"1041.2015"
"1042.2015-08-13",48.853,78.617,1042,2015-08-13,46.17253,-113.95476,"1042.2015"
"1043.2015-08-13",0.436,0.623,1043,2015-08-13,46.17142,-113.95269,"1043.2015"
"1044.2015-08-13",150.871,282.637,1044,2015-08-13,46.17376,-113.95651,"1044.2015"
"1045.2015-08-13",65.339,93.991,1045,2015-08-13,46.17096,-113.95475,"1045.2015"
"1046.2015-08-04",3.801,9.434,1046,2015-08-04,46.43477,-113.8822,"1046.2015"
"1047.2015-08-04",1.386,2.276,1047,2015-08-04,46.43317,-113.88142,"1047.2015"
"1048.2015-08-04",21.315,52.899,1048,2015-08-04,46.43445,-113.87841,"1048.2015"
"1049.2015-08-04",30.958,74.579,1049,2015-08-04,46.43217,-113.87627,"1049.2015"
"1051.2015-08-24",48.791,72.303,1051,2015-08-24,46.73847,-113.74313,"1051.2015"
"1052.2015-08-24",105.862,198.417,1052,2015-08-24,46.73826,-113.74399,"1052.2015"
"1053.2015-08-24",344.738,551.413,1053,2015-08-24,46.73917,-113.74344,"1053.2015"
"1055.2015-08-24",97.11,185.826,1055,2015-08-24,46.73906,-113.74414,"1055.2015"
"1057.2015-07-27",14.811,36.759,1057,2015-07-27,46.41428,-113.6487,"1057.2015"
"1059.2015-07-27",12.585,24.899,1059,2015-07-27,46.41322,-113.65273,"1059.2015"
"106.2014-08-22",6.009,11.346,106,2014-08-22,46.69669,-113.75302,"106.2014"
"1061.2015-07-29",25.729,62.617,1061,2015-07-29,46.44749,-113.68022,"1061.2015"
"1063.2015-07-29",28.853,71.577,1063,2015-07-29,46.4474,-113.67847,"1063.2015"
"1065.2015-07-29",14.756,35.714,1065,2015-07-29,46.44672,-113.67832,"1065.2015"
"1071.2015-08-26",20.921,30.096,1071,2015-08-26,46.46227,-113.76657,"1071.2015"
"1072.2015-08-26",25.579,40.986,1072,2015-08-26,46.45983,-113.76781,"1072.2015"
"1073.2015-08-26",33.912,60.266,1073,2015-08-26,46.45919,-113.76843,"1073.2015"
"1074.2015-08-26",67.629,109.826,1074,2015-08-26,46.46082,-113.76708,"1074.2015"
"1075.2015-08-26",45.728,65.188,1075,2015-08-26,46.46345,-113.76576,"1075.2015"
"1076.2015-07-30",225.295,419.007,1076,2015-07-30,46.51913,-113.72901,"1076.2015"
"1078.2015-07-30",65.33,117.002,1078,2015-07-30,46.51959,-113.72647,"1078.2015"
"1079.2015-07-30",55.538,114.935,1079,2015-07-30,46.52,-113.72807,"1079.2015"
"108.2014-08-22",8.351,12.08,108,2014-08-22,46.69677,-113.75497,"108.2014"
"1080.2015-07-30",34.64,64.8,1080,2015-07-30,46.51945,-113.72504,"1080.2015"
"1081.2015-07-28",26.226,41.852,1081,2015-07-28,46.50681,-113.75902,"1081.2015"
"1082.2015-07-28",3.819,5.499,1082,2015-07-28,46.50572,-113.75485,"1082.2015"
"1083.2015-07-28",9.909,15.696,1083,2015-07-28,46.5064,-113.75729,"1083.2015"
"1084.2015-07-28",57.582,86.441,1084,2015-07-28,46.50706,-113.75525,"1084.2015"
"1085.2015-07-28",27.642,40.8,1085,2015-07-28,46.50443,-113.75744,"1085.2015"
"1086.2015-08-03",107.217,173.944,1086,2015-08-03,46.76756,-113.72868,"1086.2015"
"1087.2015-08-03",111.713,181.682,1087,2015-08-03,46.76617,-113.72401,"1087.2015"
"1088.2015-08-03",85.846,145.94,1088,2015-08-03,46.76758,-113.72476,"1088.2015"
"1089.2015-08-03",39.176,61.361,1089,2015-08-03,46.76721,-113.72686,"1089.2015"
"109.2014-08-22",28.943,53.526,109,2014-08-22,46.69764,-113.75593,"109.2014"
"1090.2015-08-03",69.452,102.707,1090,2015-08-03,46.76882,-113.72728,"1090.2015"
"1091.2015-08-07",39.16,58.017,1091,2015-08-07,46.77219,-113.73559,"1091.2015"
"1092.2015-08-07",110.383,170.884,1092,2015-08-07,46.77132,-113.73527,"1092.2015"
"1093.2015-08-07",118.529,199.538,1093,2015-08-07,46.77135,-113.73388,"1093.2015"
"1094.2015-08-07",55.518,100.354,1094,2015-08-07,46.77153,-113.73269,"1094.2015"
"1095.2015-08-07",43.589,69.985,1095,2015-08-07,46.76889,-113.73139,"1095.2015"
"1096.2015-08-11",26.045,37.435,1096,2015-08-11,45.81474,-114.27979,"1096.2015"
"1097.2015-08-11",39.15,56.906,1097,2015-08-11,45.81618,-114.28146,"1097.2015"
"1098.2015-08-11",4.993,7.454,1098,2015-08-11,45.81254,-114.27837,"1098.2015"
"1099.2015-08-11",10.877,15.848,1099,2015-08-11,45.81361,-114.28311,"1099.2015"
"11.2014-08-29",47.623,92.246,11,2014-08-29,46.57806,-113.83122,"11.2014"
"1100.2015-08-11",14.397,22.202,1100,2015-08-11,45.81101,-114.28016,"1100.2015"
"1101.2015-08-11",76.024,135.476,1101,2015-08-11,45.81963,-114.27502,"1101.2015"
"1102.2015-08-11",25.962,38.777,1102,2015-08-11,45.82174,-114.27261,"1102.2015"
"1103.2015-08-11",105.694,155.84,1103,2015-08-11,45.81951,-114.26773,"1103.2015"
"1104.2015-08-11",15.137,23.449,1104,2015-08-11,45.82141,-114.27317,"1104.2015"
"1105.2015-08-11",14.807,22.43,1105,2015-08-11,45.82006,-114.27076,"1105.2015"
"12.2014-08-29",76.591,149.954,12,2014-08-29,46.57597,-113.83202,"12.2014"
"1200.2015-07-16",15.699,24.882,1200,2015-07-16,46.67586,-114.00526,"1200.2015"
"1201.2015-07-16",12.182,19.602,1201,2015-07-16,46.67507,-114.00693,"1201.2015"
"1202.2015-07-16",39.316,60.733,1202,2015-07-16,46.69481,-114.02106,"1202.2015"
"1203.2015-07-16",29.74,48.525,1203,2015-07-16,46.69595,-114.02146,"1203.2015"
"1204.2015-07-16",24.137,36.822,1204,2015-07-16,46.69637,-114.02289,"1204.2015"
"1205.2015-07-16",30.097,46.387,1205,2015-07-16,46.6951,-114.02276,"1205.2015"
"1206.2015-07-16",9.339,14.734,1206,2015-07-16,46.69736,-114.02206,"1206.2015"
"1207.2015-07-31",11.336,18.184,1207,2015-07-31,46.70684,-114.03217,"1207.2015"
"1208.2015-07-31",19.788,31.617,1208,2015-07-31,46.7061,-114.03335,"1208.2015"
"1209.2015-07-31",18.601,29.566,1209,2015-07-31,46.70509,-114.03422,"1209.2015"
"1210.2015-08-27",16.041,25.507,1210,2015-08-27,46.70617,-114.03466,"1210.2015"
"1211.2015-08-27",12.952,20.627,1211,2015-08-27,46.70494,-114.03242,"1211.2015"
"1212.2015-07-21",35.705,55.39,1212,2015-07-21,46.48051,-113.94422,"1212.2015"
"1213.2015-07-21",29.22,46.419,1213,2015-07-21,46.47941,-113.94303,"1213.2015"
"1214.2015-07-21",38.203,60.681,1214,2015-07-21,46.48006,-113.94714,"1214.2015"
"1215.2015-07-21",31.584,48.831,1215,2015-07-21,46.47782,-113.94644,"1215.2015"
"1216.2015-07-21",32.231,50.514,1216,2015-07-21,46.47841,-113.94465,"1216.2015"
"1217.2015-07-31",32.597,51.3,1217,2015-07-31,46.48507,-113.94688,"1217.2015"
"1218.2015-07-31",38.376,60.926,1218,2015-07-31,46.48972,-113.94481,"1218.2015"
"1219.2015-07-31",43.194,68.948,1219,2015-07-31,46.48823,-113.94223,"1219.2015"
"122.2015-07-22",72.074,133.5,122,2015-07-22,46.71025,-113.89076,"122.2015"
"1220.2015-07-31",19.802,32.4,1220,2015-07-31,46.48859,-113.94427,"1220.2015"
"1221.2015-07-31",19.642,30.669,1221,2015-07-31,46.48534,-113.94415,"1221.2015"
"1227.2015-07-22",21.326,32.874,1227,2015-07-22,46.71213,-114.03623,"1227.2015"
"1228.2015-07-22",35.208,54.325,1228,2015-07-22,46.71537,-114.03191,"1228.2015"
"1229.2015-07-22",4.668,7.163,1229,2015-07-22,46.71447,-114.03476,"1229.2015"
"123.2015-07-22",6.444,11.163,123,2015-07-22,46.70776,-113.89333,"123.2015"
"1230.2015-07-22",14.712,23.24,1230,2015-07-22,46.71962,-114.03295,"1230.2015"
"1231.2015-07-22",6.323,11.634,1231,2015-07-22,46.72213,-114.03445,"1231.2015"
"124.2015-07-22",192.858,354.455,124,2015-07-22,46.7101,-113.88985,"124.2015"
"1241.2015-08-05",0.267,0.387,1241,2015-08-05,46.68063,-114.03706,"1241.2015"
"1243.2015-08-05",0.518,0.727,1243,2015-08-05,46.68143,-114.03297,"1243.2015"
"1245.2015-08-31",137.222,211.107,1245,2015-08-31,46.57967,-113.96089,"1245.2015"
"1246.2015-08-31",119.306,183.8,1246,2015-08-31,46.57936,-113.95898,"1246.2015"
"1247.2015-08-24",144.641,204.893,1247,2015-08-24,46.59946,-113.93914,"1247.2015"
"1248.2015-08-24",83.095,124.415,1248,2015-08-24,46.59611,-113.9437,"1248.2015"
"1249.2015-08-24",7.666,11.449,1249,2015-08-24,46.60378,-113.93877,"1249.2015"
"125.2015-07-22",223.348,391.642,125,2015-07-22,46.70846,-113.89109,"125.2015"
"1250.2015-08-24",59.802,85.538,1250,2015-08-24,46.59833,-113.94372,"1250.2015"
"1251.2015-08-24",167.809,240.147,1251,2015-08-24,46.60011,-113.94244,"1251.2015"
"1252.2015-08-31",193.744,271.456,1252,2015-08-31,46.5778,-113.96169,"1252.2015"
"1254.2015-08-03",94.28,136.571,1254,2015-08-03,46.54859,-113.95792,"1254.2015"
"1256.2015-08-03",74.986,108.515,1256,2015-08-03,46.5468,-113.95878,"1256.2015"
"1257.2015-08-03",173.475,251.502,1257,2015-08-03,46.54859,-113.96088,"1257.2015"
"1258.2015-08-27",316.309,448.695,1258,2015-08-27,46.59108,-113.94801,"1258.2015"
"1259.2015-08-27",96.587,148.8,1259,2015-08-27,46.59225,-113.95035,"1259.2015"
"1260.2015-08-17",30.102,43.338,1260,2015-08-17,46.46897,-113.94883,"1260.2015"
"1261.2015-08-17",46.106,67.69,1261,2015-08-17,46.46987,-113.94937,"1261.2015"
"1262.2015-08-17",18.248,25.84,1262,2015-08-17,46.46938,-113.94449,"1262.2015"
"1263.2015-08-17",31.012,44.08,1263,2015-08-17,46.47165,-113.95267,"1263.2015"
"1264.2015-08-17",47.537,68.617,1264,2015-08-17,46.46817,-113.94474,"1264.2015"
"1265.2015-08-27",77.487,109.587,1265,2015-08-27,46.47218,-113.95188,"1265.2015"
"1266.2015-08-27",33.821,47.799,1266,2015-08-27,46.47161,-113.95116,"1266.2015"
"1267.2015-08-27",40.871,56.747,1267,2015-08-27,46.46828,-113.94315,"1267.2015"
"1268.2015-08-31",61.901,87.574,1268,2015-08-31,46.4694,-113.94531,"1268.2015"
"1269.2015-08-31",40.479,55.708,1269,2015-08-31,46.4664,-113.94285,"1269.2015"
"131.2015-08-20",38.661,59.097,131,2015-08-20,46.44442,-113.9044,"131.2015"
"132.2015-08-20",44.607,70.506,132,2015-08-20,46.43963,-113.91031,"132.2015"
"133.2015-08-20",83.752,143.196,133,2015-08-20,46.44043,-113.90961,"133.2015"
"134.2015-08-20",106.781,152.675,134,2015-08-20,46.44423,-113.90306,"134.2015"
"135.2015-08-20",38.012,58.556,135,2015-08-20,46.44241,-113.90115,"135.2015"
"141.2014-08-20",39.145,63.082,141,2014-08-20,46.72977,-113.76678,"141.2014"
"144.2014-08-20",55.208,97.881,144,2014-08-20,46.73064,-113.76451,"144.2014"
"145.2014-08-20",135.391,238.122,145,2014-08-20,46.72842,-113.76938,"145.2014"
"146.2014-07-22",35.197,57.163,146,2014-07-22,46.82685,-113.92958,"146.2014"
"147.2014-07-16",426.112,707.034,147,2014-07-16,46.82719,-113.92465,"147.2014"
"148.2014-07-22",59.066,89.533,148,2014-07-22,46.82853,-113.93294,"148.2014"
"149.2014-07-22",70.837,103.68,149,2014-07-22,46.82486,-113.93153,"149.2014"
"150.2014-07-22",124.17,198.231,150,2014-07-22,46.83824,-113.92753,"150.2014"
"151.2015-08-18",172.708,243.529,151,2015-08-18,46.60257,-113.90403,"151.2015"
"153.2015-08-18",10.262,14.196,153,2015-08-18,46.60326,-113.90753,"153.2015"
"154.2015-08-18",101.286,164.098,154,2015-08-18,46.60359,-113.90408,"154.2015"
"16.2015-07-23",115.07,285.585,16,2015-07-23,46.46618,-113.84541,"16.2015"
"161.2014-08-04",43.767,68.47,161,2014-08-04,46.82724,-113.94535,"161.2014"
"162.2014-08-04",21.019,37.611,162,2014-08-04,46.82912,-113.94309,"162.2014"
"164.2014-08-04",76.551,123.106,164,2014-08-04,46.83067,-113.94137,"164.2014"
"165.2014-08-04",51.227,80.886,165,2014-08-04,46.82622,-113.94515,"165.2014"
"17.2015-07-23",40.353,100.024,17,2015-07-23,46.46541,-113.84467,"17.2015"
"171.2014-08-22",39.973,59.908,171,2014-08-22,46.764,-113.72813,"171.2014"
"172.2014-08-12",12.468,18.44,172,2014-08-12,46.76244,-113.73286,"172.2014"
"173.2014-08-22",39.503,58.773,173,2014-08-22,46.76221,-113.72764,"173.2014"
"174.2014-08-12",35.254,55.399,174,2014-08-12,46.76221,-113.73434,"174.2014"
"175.2014-08-22",102.809,157.366,175,2014-08-22,46.75914,-113.73231,"175.2014"
"176.2015-08-18",12.186,19.127,176,2015-08-18,46.85037,-113.89031,"176.2015"
"179.2015-08-18",40.148,63.063,179,2015-08-18,46.85001,-113.89094,"179.2015"
"18.2015-07-23",106.39,263.785,18,2015-07-23,46.46559,-113.84296,"18.2015"
"19.2015-07-23",40.695,100.76,19,2015-07-23,46.46484,-113.844,"19.2015"
"191.2015-08-04",22.256,51.074,191,2015-08-04,46.50952,-113.85642,"191.2015"
"192.2015-08-04",15.333,34.996,192,2015-08-04,46.51348,-113.86186,"192.2015"
"193.2015-08-04",52.305,105.683,193,2015-08-04,46.50922,-113.85912,"193.2015"
"194.2015-08-03",22.597,42.446,194,2015-08-03,46.51368,-113.85712,"194.2015"
"195.2015-08-04",8.275,19.2,195,2015-08-04,46.51026,-113.85789,"195.2015"
"20.2015-07-21",184.067,341.592,20,2015-07-21,46.75143,-113.88459,"20.2015"
"206.2014-08-26",37.01,89.942,206,2014-08-26,46.76406,-113.88225,"206.2014"
"207.2014-08-26",29.213,68.051,207,2014-08-26,46.75041,-113.88361,"207.2014"
"208.2014-08-26",58.702,138.609,208,2014-08-26,46.76282,-113.88194,"208.2014"
"209.2014-08-26",83.175,155.232,209,2014-08-26,46.76299,-113.87981,"209.2014"
"21.2015-07-21",37.015,52.161,21,2015-07-21,46.74842,-113.88261,"21.2015"
"210.2014-08-26",6.075,11.84,210,2014-08-26,46.75955,-113.88116,"210.2014"
"216.2015-08-03",9.944,14.413,216,2015-08-03,46.71538,-113.74931,"216.2015"
"217.2015-08-03",303.074,597.117,217,2015-08-03,46.71454,-113.74426,"217.2015"
"218.2015-08-03",172.692,321.281,218,2015-08-03,46.71438,-113.7466,"218.2015"
"22.2015-07-21",49.69,85.545,22,2015-07-21,46.75237,-113.88403,"22.2015"
"220.2015-08-03",5654.742,11159.565,220,2015-08-03,46.71367,-113.74107,"220.2015"
"221.2015-08-28",0.132,0.262,221,2015-08-28,46.64315,-113.76135,"221.2015"
"222.2015-08-28",15.836,26.269,222,2015-08-28,46.64297,-113.76458,"222.2015"
"223.2015-08-28",9.132,15.845,223,2015-08-28,46.64416,-113.76387,"223.2015"
"224.2015-08-28",174.356,344.171,224,2015-08-28,46.64323,-113.76298,"224.2015"
"231.2015-08-19",24.786,49.037,231,2015-08-19,46.32373,-113.89344,"231.2015"
"232.2015-08-19",55.208,107.276,232,2015-08-19,46.32465,-113.88433,"232.2015"
"233.2015-08-19",32.8,71.685,233,2015-08-19,46.32622,-113.88708,"233.2015"
"234.2015-08-19",65.385,145.197,234,2015-08-19,46.3257,-113.89254,"234.2015"
"235.2015-08-19",28.673,67.747,235,2015-08-19,46.32475,-113.89033,"235.2015"
"237.2014-08-29",28.219,70.035,237,2014-08-29,46.2986,-113.8753,"237.2014"
"238.2014-08-29",45.708,89.753,238,2014-08-29,46.3009,-113.87283,"238.2014"
"239.2014-08-29",77.188,190.274,239,2014-08-29,46.29751,-113.87439,"239.2014"
"24.2015-07-21",107.244,188.397,24,2015-07-21,46.74804,-113.88482,"24.2015"
"240.2014-08-29",16.024,31.453,240,2014-08-29,46.29958,-113.87552,"240.2014"
"244.2014-07-24",47.789,110.922,244,2014-07-24,46.53373,-113.84006,"244.2014"
"245.2014-07-24",40.685,98.525,245,2014-07-24,46.5352,-113.83706,"245.2014"
"246.2014-07-24",54.332,134.718,246,2014-07-24,46.53429,-113.83549,"246.2014"
"25.2014-08-28",371.773,690.956,25,2014-08-28,46.75571,-113.84053,"25.2014"
"26.2014-08-28",71.186,128.383,26,2014-08-28,46.75592,-113.84168,"26.2014"
"265.2014-07-24",70.177,173.662,265,2014-07-24,46.53503,-113.83635,"265.2014"
"266.2014-07-24",39.706,81.533,266,2014-07-24,46.53437,-113.83934,"266.2014"
"267.2014-07-24",24.878,54.703,267,2014-07-24,46.53641,-113.84325,"267.2014"
"268.2014-07-29",16.567,32.613,268,2014-07-29,46.53565,-113.83601,"268.2014"
"269.2014-07-29",35.146,68.026,269,2014-07-29,46.53553,-113.83736,"269.2014"
"27.2014-08-28",136.974,247.427,27,2014-08-28,46.75481,-113.84254,"27.2014"
"270.2015-08-06",28.83,49.743,270,2015-08-06,46.43407,-113.88264,"270.2015"
"279.2015-08-31",10.451,16.045,279,2015-08-31,46.71571,-114.05119,"279.2015"
"28.2014-08-28",590.156,1098.263,28,2014-08-28,46.75267,-113.84751,"28.2014"
"280.2015-08-31",36.607,56.846,280,2015-08-31,46.71033,-114.04875,"280.2015"
"281.2015-08-21",14.802,23.067,281,2015-08-21,46.70929,-114.04823,"281.2015"
"282.2015-08-21",31.893,48.887,282,2015-08-21,46.71202,-114.05093,"282.2015"
"283.2015-08-21",15.708,24.471,283,2015-08-21,46.71463,-114.05174,"283.2015"
"284.2015-07-16",124.315,187.023,284,2015-07-16,46.67134,-114.04623,"284.2015"
"285.2015-07-16",24.157,37.114,285,2015-07-16,46.67068,-114.04744,"285.2015"
"286.2015-08-17",36.779,53.506,286,2015-08-17,46.56088,-114.09387,"286.2015"
"287.2015-08-17",34.758,51.575,287,2015-08-17,46.55975,-114.09467,"287.2015"
"288.2015-08-17",11.964,17.982,288,2015-08-17,46.56188,-114.09169,"288.2015"
"289.2015-08-17",33.489,50.938,289,2015-08-17,46.56226,-114.08987,"289.2015"
"29.2014-08-28",554.302,1030.153,29,2014-08-28,46.75507,-113.84368,"29.2014"
"291.2014-08-14",47.755,75.312,291,2014-08-14,46.56311,-114.09344,"291.2014"
"293.2015-08-17",66.254,101.551,293,2015-08-17,46.57625,-114.06801,"293.2015"
"294.2014-08-14",2.283,3.631,294,2014-08-14,46.56623,-114.08849,"294.2014"
"300.2014-07-17",134.832,201.446,300,2014-07-17,46.85456,-113.88437,"300.2014"
"301.2014-07-17",71.3,105.52,301,2014-07-17,46.85576,-113.88226,"301.2014"
"302.2014-07-22",20.873,31.879,302,2014-07-22,46.85487,-113.88049,"302.2014"
"303.2014-07-17",131.835,210.613,303,2014-07-17,46.85896,-113.8836,"303.2014"
"304.2014-07-17",39.603,61.638,304,2014-07-17,46.85752,-113.88326,"304.2014"
"305.2014-08-04",53.109,81.538,305,2014-08-04,46.81895,-114.01316,"305.2014"
"306.2014-08-04",140.795,205.163,306,2014-08-04,46.81926,-114.00811,"306.2014"
"307.2014-08-04",40.636,67.634,307,2014-08-04,46.8189,-114.00503,"307.2014"
"308.2014-08-04",17.65,30.834,308,2014-08-04,46.81803,-114.00515,"308.2014"
"309.2014-08-04",41.741,64.723,309,2014-08-04,46.81756,-114.01095,"309.2014"
"310.2014-08-11",23.392,36.56,310,2014-08-11,46.74095,-114.03402,"310.2014"
"311.2014-08-11",20.178,33.332,311,2014-08-11,46.74438,-114.03027,"311.2014"
"312.2014-08-11",37.695,57.251,312,2014-08-11,46.74489,-114.03087,"312.2014"
"313.2014-08-11",43.14,69.227,313,2014-08-11,46.73975,-114.03489,"313.2014"
"314.2014-08-11",18.796,34.674,314,2014-08-11,46.73979,-114.03214,"314.2014"
"315.2014-08-25",55.725,99.695,315,2014-08-25,46.60107,-113.93311,"315.2014"
"316.2014-08-25",28.476,47.94,316,2014-08-25,46.60118,-113.93414,"316.2014"
"318.2014-08-25",42.331,65.894,318,2014-08-25,46.60221,-113.93151,"318.2014"
"319.2014-08-25",16.802,29.435,319,2014-08-25,46.60287,-113.93461,"319.2014"
"325.2014-07-10",51.37,90.135,325,2014-07-10,46.73384,-114.04421,"325.2014"
"325.2015-07-06",18.696,28.8,325,2015-07-06,46.73444,-114.04447,"325.2015"
"326.2014-07-10",28.612,44.409,326,2014-07-10,46.73114,-114.04684,"326.2014"
"326.2015-07-06",11.824,18.84,326,2015-07-06,46.73127,-114.04739,"326.2015"
"327.2014-08-12",18.317,31.62,327,2014-08-12,46.73249,-114.04685,"327.2014"
"328.2014-08-12",16.585,30.667,328,2014-08-12,46.73017,-114.0434,"328.2014"
"329.2014-08-12",19.962,33.551,329,2014-08-12,46.73307,-114.04445,"329.2014"
"330.2014-07-23",21.596,32.76,330,2014-07-23,46.67785,-113.9848,"330.2014"
"331.2014-07-21",16.159,29.289,331,2014-07-21,46.67797,-113.99229,"331.2014"
"332.2014-07-23",28.593,44.085,332,2014-07-23,46.67725,-113.9901,"332.2014"
"333.2014-07-23",88.674,150.635,333,2014-07-23,46.67916,-113.99017,"333.2014"
"334.2014-07-23",29.603,47.955,334,2014-07-23,46.67994,-113.98594,"334.2014"
"335.2014-07-21",48.284,84.288,335,2014-07-21,46.58601,-113.91708,"335.2014"
"336.2014-07-21",76.624,113.997,336,2014-07-21,46.58572,-113.91917,"336.2014"
"337.2014-07-21",26.608,44.338,337,2014-07-21,46.58648,-113.92349,"337.2014"
"338.2014-07-21",51.856,84.8,338,2014-07-21,46.58517,-113.91833,"338.2014"
"339.2014-07-21",38.027,58.319,339,2014-07-21,46.58248,-113.91828,"339.2014"
"340.2014-07-10",48.286,75.95,340,2014-07-10,46.84137,-113.96417,"340.2014"
"340.2015-07-06",25.461,40.323,340,2015-07-06,46.84105,-113.96443,"340.2015"
"341.2014-08-13",58.07,89.542,341,2014-08-13,46.83897,-113.96428,"341.2014"
"342.2014-08-13",69.669,101.841,342,2014-08-13,46.84326,-113.96555,"342.2014"
"343.2014-08-13",91.904,133.405,343,2014-08-13,46.84142,-113.96652,"343.2014"
"344.2014-07-10",30.078,46.997,344,2014-07-10,46.84121,-113.96613,"344.2014"
"344.2015-07-06",38.039,56.45,344,2015-07-06,46.84121,-113.96624,"344.2015"
"345.2015-07-23",33.365,52.547,345,2015-07-23,46.74979,-113.9958,"345.2015"
"346.2015-07-23",17.351,26.886,346,2015-07-23,46.74811,-113.99476,"346.2015"
"347.2015-07-23",19.061,29.265,347,2015-07-23,46.74886,-113.99039,"347.2015"
"348.2015-07-23",15.034,23.664,348,2015-07-23,46.774878,-113.99663,"348.2015"
"349.2015-07-23",38.461,58.658,349,2015-07-23,46.74932,-113.99974,"349.2015"
"35.2015-08-20",22.246,31.38,35,2015-08-20,46.75543,-113.89018,"35.2015"
"359.2014-07-23",62.831,104.146,359,2014-07-23,46.54897,-113.92075,"359.2014"
"36.2015-08-20",32.245,49.906,36,2015-08-20,46.75427,-113.89183,"36.2015"
"360.2014-07-23",49.066,86.323,360,2014-07-23,46.54829,-113.91525,"360.2014"
"361.2014-07-23",4.394,6.747,361,2014-07-23,46.54881,-113.91163,"361.2014"
"362.2014-07-23",30.725,48.109,362,2014-07-23,46.54768,-113.91892,"362.2014"
"363.2014-07-23",28.978,45.907,363,2014-07-23,46.55149,-113.91377,"363.2014"
"364.2014-07-09",25.622,41.424,364,2014-07-09,46.53983,-113.90572,"364.2014"
"364.2015-07-07",35.482,55.604,364,2015-07-07,46.53964,-113.90565,"364.2015"
"366.2014-08-18",144.111,231.221,366,2014-08-18,46.53877,-113.90142,"366.2014"
"367.2014-07-09",77.751,125.774,367,2014-07-09,46.54052,-113.90768,"367.2014"
"367.2015-07-07",55.819,83.563,367,2015-07-07,46.54054,-113.90762,"367.2015"
"368.2014-08-18",304.184,494.145,368,2014-08-18,46.53994,-113.90354,"368.2014"
"369.2014-07-23",17.423,27.618,369,2014-07-23,46.55111,-113.91043,"369.2014"
"37.2015-08-20",33.67,48.125,37,2015-08-20,46.75664,-113.88744,"37.2015"
"370.2014-07-23",5.786,8.878,370,2014-07-23,46.54789,-113.90875,"370.2014"
"371.2014-07-23",30.653,48.613,371,2014-07-23,46.55131,-113.91312,"371.2014"
"372.2014-07-23",16.607,26.146,372,2014-07-23,46.54943,-113.91152,"372.2014"
"373.2014-07-23",43.947,70.68,373,2014-07-23,46.55038,-113.91436,"373.2014"
"374.2014-07-18",30.639,47.916,374,2014-07-18,46.49702,-113.95142,"374.2014"
"375.2014-07-17",12.436,19.796,375,2014-07-17,46.49302,-113.95524,"375.2014"
"376.2014-07-17",43.031,71.307,376,2014-07-17,46.49224,-113.95683,"376.2014"
"377.2014-07-17",30.196,45.884,377,2014-07-17,46.4953,-113.95357,"377.2014"
"378.2014-07-18",26.097,42.309,378,2014-07-18,46.49699,-113.95315,"378.2014"
"379.2015-07-15",77.919,125.344,379,2015-07-15,46.5325,-113.92049,"379.2015"
"380.2015-07-15",45.111,70.351,380,2015-07-15,46.53278,-113.91516,"380.2015"
"381.2015-07-15",62.465,97.347,381,2015-07-15,46.53472,-113.91675,"381.2015"
"382.2015-07-15",67.249,104.059,382,2015-07-15,46.53599,-113.91744,"382.2015"
"383.2015-07-15",71.353,108.594,383,2015-07-15,46.53245,-113.91562,"383.2015"
"384.2015-08-05",13.608,20.175,384,2015-08-05,46.59157,-113.90462,"384.2015"
"385.2015-08-05",57.86,81.937,385,2015-08-05,46.58943,-113.90398,"385.2015"
"386.2015-08-05",49.805,70.338,386,2015-08-05,46.59114,-113.90322,"386.2015"
"387.2015-08-05",25.945,36.437,387,2015-08-05,46.59042,-113.90754,"387.2015"
"39.2015-08-20",40.419,58.216,39,2015-08-20,46.75302,-113.88892,"39.2015"
"40.2015-08-19",207.587,338.789,40,2015-08-19,46.32041,-113.89397,"40.2015"
"401.2014-07-18",133.081,211.43,401,2014-07-18,46.49725,-113.94418,"401.2014"
"402.2014-07-18",15.309,25.053,402,2014-07-18,46.49677,-113.93938,"402.2014"
"41.2015-08-19",12.797,18.829,41,2015-08-19,46.3187,-113.89884,"41.2015"
"42.2015-08-19",68.228,120.281,42,2015-08-19,46.31865,-113.89635,"42.2015"
"425.2014-08-27",27.147,50.486,425,2014-08-27,46.7585,-113.84092,"425.2014"
"426.2014-08-27",39.048,72.728,426,2014-08-27,46.75075,-113.83784,"426.2014"
"427.2014-08-27",635.615,1182.815,427,2014-08-27,46.74941,-113.84135,"427.2014"
"428.2014-08-27",44.535,79.245,428,2014-08-27,46.74943,-113.84239,"428.2014"
"429.2014-08-27",45.153,82.9,429,2014-08-27,46.74632,-113.84281,"429.2014"
"43.2015-08-19",0.229,0.32,43,2015-08-19,46.31702,-113.90178,"43.2015"
"430.2015-07-24",103.449,194.864,430,2015-07-24,46.5074,-113.84422,"430.2015"
"431.2015-07-24",56.864,112.149,431,2015-07-24,46.50759,-113.8444,"431.2015"
"432.2015-07-24",111.572,206.623,432,2015-07-24,46.50798,-113.84262,"432.2015"
"444.2015-07-24",44.503,63.847,444,2015-07-24,46.73114,-113.70055,"444.2015"
"445.2015-07-24",58.907,88.546,445,2015-07-24,46.73228,-113.70097,"445.2015"
"446.2015-07-24",37.725,57.093,446,2015-07-24,46.73322,-113.70151,"446.2015"
"447.2014-08-28",37.554,61.242,447,2014-08-28,46.61642,-113.63516,"447.2014"
"448.2014-08-28",23.237,34.99,448,2014-08-28,46.6153,-113.63059,"448.2014"
"449.2014-08-28",133.81,207.069,449,2014-08-28,46.61782,-113.63422,"449.2014"
"450.2014-08-28",7.365,11.88,450,2014-08-28,46.61702,-113.63814,"450.2014"
"459.2014-08-22",260.355,480.113,459,2014-08-22,46.82028,-113.91412,"459.2014"
"460.2014-08-07",157.19,255.582,460,2014-08-07,46.82284,-113.91335,"460.2014"
"461.2014-08-15",16.386,25.559,461,2014-08-15,46.819,-113.90859,"461.2014"
"462.2014-08-07",180.711,319.436,462,2014-08-07,46.82254,-113.91258,"462.2014"
"464.2014-08-12",25.379,41.165,464,2014-08-12,46.76073,-113.73788,"464.2014"
"465.2014-08-12",108.032,173.947,465,2014-08-12,46.76154,-113.73825,"465.2014"
"466.2014-08-12",113.287,183.728,466,2014-08-12,46.7605,-113.7393,"466.2014"
"467.2014-08-12",60.04,92.498,467,2014-08-12,46.76041,-113.73573,"467.2014"
"468.2014-08-12",92.944,160.43,468,2014-08-12,46.76163,-113.73489,"468.2014"
"473.2014-07-21",103.479,186.834,473,2014-07-21,46.57777,-113.92081,"473.2014"
"475.2015-07-30",23.815,37.16,475,2015-07-30,46.57814,-113.65923,"475.2015"
"476.2015-07-30",29.658,43.945,476,2015-07-30,46.58175,-113.66869,"476.2015"
"477.2015-07-30",9.109,13.08,477,2015-07-30,46.58088,-113.66564,"477.2015"
"481.2014-08-05",18.202,33.544,481,2014-08-05,46.73917,-113.98021,"481.2014"
"482.2014-08-05",40.665,66.708,482,2014-08-05,46.73969,-113.98071,"482.2014"
"483.2014-08-05",74.164,110.786,483,2014-08-05,46.73936,-113.98192,"483.2014"
"484.2014-08-05",27.403,44.814,484,2014-08-05,46.74014,-113.98495,"484.2014"
"485.2014-08-05",57.481,85.446,485,2014-08-05,46.74152,-113.9774,"485.2014"
"486.2015-08-18",4.493,6.849,486,2015-08-18,46.60152,-113.990417,"486.2015"
"488.2015-08-18",23.739,36.621,488,2015-08-18,46.60317,-113.9015,"488.2015"
"493.2015-08-18",7.85,12.382,493,2015-08-18,46.58965,-113.90775,"493.2015"
"495.2014-08-05",82.032,115.507,495,2014-08-05,46.74679,-113.98418,"495.2014"
"496.2014-08-05",20.718,34.495,496,2014-08-05,46.74615,-113.98574,"496.2014"
"497.2014-08-05",42.523,74.253,497,2014-08-05,46.74657,-113.98277,"497.2014"
"498.2014-07-31",20.736,35.319,498,2014-07-31,46.7472,-113.98119,"498.2014"
"499.2014-07-31",37.391,64.95,499,2014-07-31,46.74732,-113.97998,"499.2014"
"5.2014-07-17",75.685,177.257,5,2014-07-17,46.45097,-113.83656,"5.2014"
"505.2015-07-17",92.906,146.99,505,2015-07-17,46.53762,-113.89822,"505.2015"
"506.2015-07-17",328.567,645.942,506,2015-07-17,46.53889,-113.8961,"506.2015"
"507.2015-07-17",87.145,122.691,507,2015-07-17,46.53764,-113.89694,"507.2015"
"508.2015-07-17",119.66,168.852,508,2015-07-17,46.53909,-113.90083,"508.2015"
"509.2014-08-26",115.105,208.595,509,2014-08-26,46.51624,-113.85493,"509.2014"
"511.2014-08-26",24.151,45.866,511,2014-08-26,46.51777,-113.85619,"511.2014"
"512.2014-08-26",39.363,76.713,512,2014-08-26,46.51742,-113.85475,"512.2014"
"513.2014-07-23",59.311,93.748,513,2014-07-23,46.54398,-113.91036,"513.2014"
"514.2014-07-23",46.481,65.758,514,2014-07-23,46.54458,-113.91607,"514.2014"
"516.2014-07-23",29.637,50.183,516,2014-07-23,46.5446,-113.91216,"516.2014"
"522.2015-08-28",8.519,14.215,522,2015-08-28,46.72833,-113.74938,"522.2015"
"523.2015-08-28",12.846,22.327,523,2015-08-28,46.72587,-113.74698,"523.2015"
"524.2015-08-28",35.869,58.086,524,2015-08-28,46.72834,-113.75127,"524.2015"
"525.2015-08-28",24.534,38.714,525,2015-08-28,46.72822,-113.75302,"525.2015"
"527.2014-08-06",29.499,48.338,527,2014-08-06,46.74827,-113.96684,"527.2014"
"528.2014-08-06",128.687,211.251,528,2014-08-06,46.74951,-113.96599,"528.2014"
"529.2014-08-06",104.798,168.272,529,2014-08-06,46.7507,-113.9675,"529.2014"
"530.2014-08-06",95.405,136.496,530,2014-08-06,46.74771,-113.96889,"530.2014"
"5325.2015-08-05",3.045,5.203,5325,2015-08-05,46.73476,-114.04418,"5325.2015"
"5326.2015-08-05",9.369,14.554,5326,2015-08-05,46.7313,-114.04746,"5326.2015"
"5340.2015-08-07",11.972,18.931,5340,2015-08-07,46.84105,-113.95497,"5340.2015"
"5344.2015-08-07",27.663,41.069,5344,2015-08-07,46.84121,-113.96618,"5344.2015"
"5364.2015-08-06",22.862,35.627,5364,2015-08-06,46.53951,-113.90578,"5364.2015"
"5367.2015-08-06",92.477,151.789,5367,2015-08-06,46.54042,-113.90758,"5367.2015"
"538.2015-08-21",7.527,14.062,538,2015-08-21,46.57748,-113.82243,"538.2015"
"539.2015-08-21",10.974,27.022,539,2015-08-21,46.57577,-113.82141,"539.2015"
"540.2015-08-21",55.132,108.823,540,2015-08-21,46.57821,-113.82389,"540.2015"
"541.2015-08-21",18.012,43.951,541,2015-08-21,46.57525,-113.82282,"541.2015"
"548.2015-07-27",135.674,215.497,548,2015-07-27,46.39939,-113.69759,"548.2015"
"550.2015-07-27",23.719,36.788,550,2015-07-27,46.40055,-113.70197,"550.2015"
"551.2015-07-28",295.477,472.851,551,2015-07-28,46.39515,-113.68675,"551.2015"
"552.2015-07-28",195.079,277.433,552,2015-07-28,46.39211,-113.68392,"552.2015"
"554.2015-07-28",177.117,285.096,554,2015-07-28,46.39322,-113.68607,"554.2015"
"567.2014-08-19",109.893,196.622,567,2014-08-19,46.69502,-113.79082,"567.2014"
"569.2014-08-19",35.889,56.855,569,2014-08-19,46.69308,-113.79242,"569.2014"
"570.2014-08-19",10.206,15.299,570,2014-08-19,46.69244,-113.79308,"570.2014"
"571.2014-08-19",11.541,16.169,571,2014-08-19,46.69403,-113.79182,"571.2014"
"573.2014-08-25",162.699,314.101,573,2014-08-25,46.71914,-113.9757,"573.2014"
"575.2014-08-25",152.442,288.645,575,2014-08-25,46.71821,-113.97449,"575.2014"
"577.2014-08-20",23.783,33.36,577,2014-08-20,46.70814,-113.90885,"577.2014"
"580.2014-08-20",4.824,7.506,580,2014-08-20,46.70451,-113.90204,"580.2014"
"581.2014-08-20",114.028,184.78,581,2014-08-20,46.7091,-113.90765,"581.2014"
"592.2014-08-21",0.395,0.571,592,2014-08-21,46.76399,-113.81277,"592.2014"
"593.2014-08-21",167.869,312.656,593,2014-08-21,46.76358,-113.81435,"593.2014"
"594.2014-08-21",30.626,49.825,594,2014-08-21,46.76436,-113.80945,"594.2014"
"595.2014-08-21",0.333,0.549,595,2014-08-21,46.76432,-113.80847,"595.2014"
"605.2014-08-18",5.497,8.942,605,2014-08-18,46.76273,-113.82808,"605.2014"
"606.2014-08-18",273.205,508.845,606,2014-08-18,46.7625,-113.82589,"606.2014"
"609.2014-08-18",14.002,26.062,609,2014-08-18,46.76238,-113.82884,"609.2014"
"613.2015-08-31",4.479,7.112,613,2015-08-31,46.39318,-113.89605,"613.2015"
"614.2015-08-31",6.445,10.221,614,2015-08-31,46.39439,-113.89897,"614.2015"
"616.2014-08-14",1.556,2.363,616,2014-08-14,46.60109,-113.85754,"616.2014"
"617.2014-08-13",2.548,3.682,617,2014-08-13,46.60125,-113.85363,"617.2014"
"618.2014-08-13",22.417,34.801,618,2014-08-13,46.59825,-113.85924,"618.2014"
"619.2014-08-13",4.222,6.666,619,2014-08-13,46.60167,-113.8606,"619.2014"
"620.2015-07-29",143.925,219.171,620,2015-07-29,46.43931,-113.74721,"620.2015"
"621.2015-07-29",117.233,188.968,621,2015-07-29,46.43592,-113.74487,"621.2015"
"623.2015-07-29",66.133,103.825,623,2015-07-29,46.43835,-113.74619,"623.2015"
"628.2015-07-20",36.112,57.618,628,2015-07-20,46.75603,-114.00861,"628.2015"
"629.2015-07-20",18.627,28.401,629,2015-07-20,46.7582,-114.00845,"629.2015"
"630.2015-07-20",12.98,21.12,630,2015-07-20,46.75541,-114.0089,"630.2015"
"631.2015-07-20",22.868,34.908,631,2015-07-20,46.75809,-114.01042,"631.2015"
"632.2014-08-25",124.826,206.046,632,2014-08-25,46.67671,-113.76788,"632.2014"
"633.2014-08-25",17.128,27.93,633,2014-08-25,46.67685,-113.76868,"633.2014"
"634.2014-08-25",4.911,9.118,634,2014-08-25,46.67739,-113.77011,"634.2014"
"635.2014-08-25",2.23,3.48,635,2014-08-25,46.67337,-113.76349,"635.2014"
"646.2014-08-15",44.448,75.566,646,2014-08-15,46.81871,-113.90606,"646.2014"
"648.2014-08-15",20.23,32.084,648,2014-08-15,46.81787,-113.90259,"648.2014"
"649.2014-08-15",42.788,69.565,649,2014-08-15,46.82209,-113.91245,"649.2014"
"658.2015-08-27",6.427,9.986,658,2015-08-27,46.46227,-113.91527,"658.2015"
"659.2015-08-27",11.135,17.582,659,2015-08-27,46.46587,-113.9144,"659.2015"
"66.2014-08-19",593.403,1100.779,66,2014-08-19,46.72836,-113.8046,"66.2014"
"660.2015-08-27",13.591,21.539,660,2015-08-27,46.46275,-113.91473,"660.2015"
"671.2014-07-16",86.696,129.613,671,2014-07-16,46.46879,-113.90339,"671.2014"
"672.2014-07-15",76.09,114.447,672,2014-07-15,46.47178,-113.90588,"672.2014"
"673.2014-07-15",164.213,240.58,673,2014-07-15,46.47136,-113.90338,"673.2014"
"674.2014-07-16",274.838,386.354,674,2014-07-16,46.47029,-113.90378,"674.2014"
"675.2014-07-15",313.546,440.039,675,2014-07-15,46.47511,-113.90041,"675.2014"
"676.2014-07-15",464.675,695.406,676,2014-07-15,46.47388,-113.89763,"676.2014"
"677.2014-07-15",184.233,302.238,677,2014-07-15,46.47257,-113.89734,"677.2014"
"678.2014-07-15",55.16,78.897,678,2014-07-15,46.47577,-113.89534,"678.2014"
"68.2014-08-22",15.48,24.067,68,2014-08-22,46.72944,-113.80245,"68.2014"
"680.2014-07-09",75.142,105.414,680,2014-07-09,46.66172,-113.84101,"680.2014"
"680.2015-07-02",28.115,40.409,680,2015-07-02,46.66164,-113.84109,"680.2015"
"681.2014-07-10",167.113,236.464,681,2014-07-10,46.47952,-113.90019,"681.2014"
"681.2015-07-03",78.497,117.27,681,2015-07-03,46.47948,-113.90025,"681.2015"
"682.2015-07-02",34.317,53.473,682,2015-07-02,46.69082,-113.98754,"682.2015"
"683.2015-07-15",22.844,34.413,683,2015-07-15,46.69654,-113.98652,"683.2015"
"684.2015-07-15",43.579,62.899,684,2015-07-15,46.79721,-113.98616,"684.2015"
"685.2015-07-15",31.162,48.859,685,2015-07-15,46.69594,-113.987787,"685.2015"
"686.2015-07-02",55.372,84.468,686,2015-07-02,46.69028,-113.98894,"686.2015"
"69.2014-08-19",151.176,238.891,69,2014-08-19,46.73069,-113.79951,"69.2014"
"690.2015-08-25",29.033,46.708,690,2015-08-25,46.69543,-113.98164,"690.2015"
"691.2015-08-25",39.965,60.641,691,2015-08-25,46.69527,-113.9794,"691.2015"
"692.2015-08-25",27.716,42.645,692,2015-08-25,46.69859,-113.98097,"692.2015"
"693.2015-08-25",25.705,41.17,693,2015-08-25,46.6964,-113.97946,"693.2015"
"694.2015-08-25",34.231,52.866,694,2015-08-25,46.6974,-113.98276,"694.2015"
"695.2015-08-25",79.894,117.853,695,2015-08-25,46.70141,-113.99933,"695.2015"
"696.2015-08-25",22.138,35.896,696,2015-08-25,46.70232,-113.99872,"696.2015"
"697.2015-08-25",17.493,27.147,697,2015-08-25,46.69898,-113.99938,"697.2015"
"698.2015-08-25",28.145,43.186,698,2015-08-25,46.69907,-113.99992,"698.2015"
"699.2015-08-25",58.09,89.459,699,2015-08-25,46.69914,-114.0002,"699.2015"
"7.2014-07-17",252.642,471.392,7,2014-07-17,46.45158,-113.83524,"7.2014"
"70.2014-08-19",34.074,52.403,70,2014-08-19,46.73029,-113.80087,"70.2014"
"700.2014-07-28",94.044,155.563,700,2014-07-28,46.00791,-114.0382,"700.2014"
"701.2014-07-29",88.555,144.891,701,2014-07-29,46.00204,-114.03886,"701.2014"
"702.2014-07-29",211.203,334.686,702,2014-07-29,46.0072,-114.03786,"702.2014"
"703.2014-07-29",32.885,53.66,703,2014-07-29,46.00219,-114.0345,"703.2014"
"709.2014-07-30",119.915,188.312,709,2014-07-30,45.97632,-114.0332,"709.2014"
"71.2014-07-18",41.042,61.527,71,2014-07-18,46.47168,-113.90021,"71.2014"
"711.2014-07-30",70.469,114.129,711,2014-07-30,45.97599,-114.03381,"711.2014"
"712.2014-07-30",120.963,216.854,712,2014-07-30,45.97337,-114.03531,"712.2014"
"713.2014-07-29",110.448,190.411,713,2014-07-29,45.97512,-114.02995,"713.2014"
"719.2014-07-29",62.159,107.706,719,2014-07-29,46.00475,-114.03681,"719.2014"
"72.2014-07-16",102.946,143.345,72,2014-07-16,46.47109,-113.90275,"72.2014"
"720.2014-07-29",107.938,183.892,720,2014-07-29,45.99997,-114.03149,"720.2014"
"722.2014-07-29",28.957,46.778,722,2014-07-29,46.00112,-114.03711,"722.2014"
"723.2014-07-28",87.833,140.994,723,2014-07-28,46.00322,-114.02902,"723.2014"
"724.2015-08-12",84.304,136.149,724,2015-08-12,45.96105,-113.99289,"724.2015"
"725.2015-08-12",34.804,54.14,725,2015-08-12,45.96274,-113.99464,"725.2015"
"726.2015-08-12",118.49,168.015,726,2015-08-12,45.96098,-113.99016,"726.2015"
"727.2015-08-12",92.971,161.306,727,2015-08-12,45.96177,-113.99775,"727.2015"
"728.2015-08-12",109.886,193.816,728,2015-08-12,45.95926,-113.99715,"728.2015"
"73.2014-07-15",119.696,179.114,73,2014-07-15,46.47003,-113.90546,"73.2014"
"734.2014-08-27",44.052,78.776,734,2014-08-27,46.66298,-113.81784,"734.2014"
"736.2014-08-27",47.386,88.3,736,2014-08-27,46.66279,-113.81516,"736.2014"
"74.2014-07-16",39.095,55.607,74,2014-07-16,46.46745,-113.90321,"74.2014"
"75.2014-07-18",65.873,97.185,75,2014-07-18,46.47018,-113.89885,"75.2014"
"789.2014-08-21",186.289,337.14,789,2014-08-21,46.1199,-114.02909,"789.2014"
"790.2014-08-21",92.629,155.605,790,2014-08-21,46.11963,-114.02577,"790.2014"
"791.2014-08-21",108.976,185.7,791,2014-08-21,46.11875,-114.02837,"791.2014"
"793.2014-08-21",207.958,382.209,793,2014-08-21,46.11995,-114.02791,"793.2014"
"794.2014-07-31",77.389,125.503,794,2014-07-31,45.9603,-113.95188,"794.2014"
"795.2014-07-31",128.133,207.981,795,2014-07-31,45.95848,-113.95455,"795.2014"
"796.2014-07-31",46.981,79.025,796,2014-07-31,45.96429,-113.95483,"796.2014"
"797.2014-07-30",81.605,131.829,797,2014-07-30,45.96253,-113.95618,"797.2014"
"798.2014-07-30",17.344,28.653,798,2014-07-30,45.96472,-113.95681,"798.2014"
"799.2014-07-25",28.22,43.481,799,2014-07-25,46.67288,-113.85159,"799.2014"
"8.2014-08-29",32.778,64.166,8,2014-08-29,46.57524,-113.82969,"8.2014"
"800.2014-07-25",110.695,180.857,800,2014-07-25,46.67424,-113.85197,"800.2014"
"802.2014-07-25",35.158,59.665,802,2014-07-25,46.67451,-113.85398,"802.2014"
"824.2015-08-12",24.372,36.109,824,2015-08-12,45.86584,-114.06641,"824.2015"
"825.2015-08-12",208.865,334.683,825,2015-08-12,45.86891,-114.06466,"825.2015"
"826.2015-08-12",22.927,33.603,826,2015-08-12,45.86853,-114.0713,"826.2015"
"827.2015-08-12",90.173,144.886,827,2015-08-12,45.86814,-114.06842,"827.2015"
"828.2015-08-12",126.215,203.557,828,2015-08-12,45.87001,-114.07207,"828.2015"
"844.2014-07-24",10.247,17.108,844,2014-07-24,46.68078,-113.84947,"844.2014"
"845.2014-07-24",195.285,350.62,845,2014-07-24,46.67574,-113.84538,"845.2014"
"846.2014-07-24",19.212,31.148,846,2014-07-24,46.67968,-113.84648,"846.2014"
"847.2014-07-24",35.898,50.418,847,2014-07-24,46.67391,-113.84928,"847.2014"
"848.2014-07-24",126.419,205.632,848,2014-07-24,46.67801,-113.84769,"848.2014"
"864.2014-08-07",10.401,22.33,864,2014-08-07,45.51828,-114.27199,"864.2014"
"865.2014-08-07",7.116,12.741,865,2014-08-07,45.51844,-114.27027,"865.2014"
"866.2014-08-07",0.23,0.412,866,2014-08-07,45.51993,-114.26964,"866.2014"
"868.2014-08-07",45.272,79.284,868,2014-08-07,45.5177,-114.27084,"868.2014"
"869.2014-08-06",47.344,70.693,869,2014-08-06,45.5062,-114.29494,"869.2014"
"871.2014-08-06",5.099,7.651,871,2014-08-06,45.50696,-114.29214,"871.2014"
"872.2014-08-06",26.668,39.781,872,2014-08-06,45.50668,-114.29417,"872.2014"
"873.2014-08-06",35.858,57.172,873,2014-08-06,45.50997,-114.29215,"873.2014"
"874.2014-08-05",22.975,34.246,874,2014-08-05,45.535,-114.27717,"874.2014"
"875.2014-08-05",18.884,29.661,875,2014-08-05,45.53924,-114.27872,"875.2014"
"876.2014-08-05",2.808,4.355,876,2014-08-05,45.53409,-114.27755,"876.2014"
"877.2014-08-05",5.688,8.717,877,2014-08-05,45.53487,-114.27888,"877.2014"
"878.2014-08-05",0.049,0.097,878,2014-08-05,45.53849,-114.27773,"878.2014"
"880.2015-08-10",22.935,42.975,880,2015-08-10,45.50676,-114.47188,"880.2015"
"881.2015-08-10",4.423,6.851,881,2015-08-10,45.50957,-114.47127,"881.2015"
"882.2015-08-10",45.386,67.853,882,2015-08-10,45.51002,-114.47165,"882.2015"
"883.2015-08-10",17.314,29.815,883,2015-08-10,45.50615,-114.47071,"883.2015"
"884.2015-08-14",69.43,107.462,884,2015-08-14,46.25985,-113.7969,"884.2015"
"885.2015-08-13",13.523,20.723,885,2015-08-13,46.25591,-113.80064,"885.2015"
"886.2015-08-14",39.962,57.449,886,2015-08-14,46.26096,-113.8037,"886.2015"
"887.2015-08-14",55.992,82.55,887,2015-08-14,46.26071,-113.80275,"887.2015"
"888.2015-08-13",90.134,146.295,888,2015-08-13,46.25534,-113.80052,"888.2015"
"889.2014-08-14",66.331,110.968,889,2014-08-14,46.32203,-114.23936,"889.2014"
"891.2014-08-14",77.858,118.035,891,2014-08-14,46.32191,-114.24082,"891.2014"
"892.2014-08-14",136.19,221.814,892,2014-08-14,46.3197,-114.2416,"892.2014"
"894.2014-08-15",77.787,121.763,894,2014-08-15,46.32518,-114.25037,"894.2014"
"896.2014-08-15",102.095,164.615,896,2014-08-15,46.32701,-114.24855,"896.2014"
"898.2014-08-15",64.377,97.976,898,2014-08-15,46.32578,-114.2494,"898.2014"
"907.2015-08-13",61.708,100.379,907,2015-08-13,46.24067,-113.84244,"907.2015"
"908.2015-08-13",1.077,1.586,908,2015-08-13,46.24282,-113.84296,"908.2015"
"909.2015-08-13",38.691,62.39,909,2015-08-13,46.24371,-113.84347,"909.2015"
"91.2015-07-20",138.039,250.803,91,2015-07-20,46.75959,-114.00965,"91.2015"
"911.2015-08-13",22.566,35.883,911,2015-08-13,46.24444,-113.84091,"911.2015"
"912.2014-08-04",44.727,68.5,912,2014-08-04,45.53302,-114.35481,"912.2014"
"913.2014-08-04",11.937,18.294,913,2014-08-04,45.52856,-114.35652,"913.2014"
"914.2014-08-04",12.62,21.479,914,2014-08-04,45.53152,-114.35424,"914.2014"
"916.2014-08-04",51.397,76.018,916,2014-08-04,45.53012,-114.35418,"916.2014"
"917.2015-08-10",30.478,49.167,917,2015-08-10,45.55156,-114.36772,"917.2015"
"918.2015-08-10",57.612,91.667,918,2015-08-10,45.55122,-114.36885,"918.2015"
"919.2015-08-10",696.941,1131.456,919,2015-08-10,45.55272,-114.36653,"919.2015"
"92.2015-07-20",119.05,185.629,92,2015-07-20,46.76003,-114.01147,"92.2015"
"920.2015-08-10",25.025,38.223,920,2015-08-10,45.55212,-114.36637,"920.2015"
"93.2015-07-20",11.525,17.162,93,2015-07-20,46.75769,-114.00597,"93.2015"
"933.2014-07-16",1.807,2.66,933,2014-07-16,46.77056,-114.21252,"933.2014"
"934.2014-07-16",9.523,14.02,934,2014-07-16,46.77007,-114.21509,"934.2014"
"935.2014-07-16",3.349,4.947,935,2014-07-16,46.76886,-114.21172,"935.2014"
"94.2015-07-20",80.258,124.594,94,2015-07-20,46.75998,-114.00498,"94.2015"
"95.2015-07-20",162.094,267.27,95,2015-07-20,46.76011,-114.00355,"95.2015"
"950.2014-08-01",0.842,1.282,950,2014-08-01,46.71062,-114.03927,"950.2014"
"951.2014-08-20",10.653,18.671,951,2014-08-20,46.68518,-114.03336,"951.2014"
"952.2014-08-18",0.977,1.373,952,2014-08-18,46.67215,-114.01369,"952.2014"
"953.2014-08-08",8.358,14.281,953,2014-08-08,46.67406,-114.02348,"953.2014"
"954.2014-08-07",1.574,2.467,954,2014-08-07,46.68086,-114.02947,"954.2014"
"955.2014-08-18",0.884,1.373,955,2014-08-18,46.68067,-114.02991,"955.2014"
"956.2014-08-08",21.32,32.733,956,2014-08-08,46.68763,-114.03329,"956.2014"
"957.2014-08-08",21.908,29.652,957,2014-08-08,46.68937,-114.03595,"957.2014"
"958.2014-08-20",11.381,15.252,958,2014-08-20,46.67247,-114.02587,"958.2014"
"959.2014-08-22",177.716,263.013,959,2014-08-22,46.68652,-114.03611,"959.2014"
"960.2014-08-22",284.684,421.322,960,2014-08-22,46.68537,-114.03608,"960.2014"
"961.2014-08-20",56.905,78.641,961,2014-08-20,46.67225,-114.02493,"961.2014"
